Request Rate,Payload Size,Unique IPs,Label
1127,3481,18,1
1460,5939,24,1
861,2980,32,1
1295,4987,9,1
1131,645,47,1
1096,2027,24,1
1725,4252,26,1
1045,104,3,1
1639,5633,23,1
122,9654,11,0
467,5478,10,0
1239,6333,36,1
331,2763,13,0
1483,9565,29,1
88,3426,38,1
1397,3759,13,1
1124,1231,26,1
872,4863,20,0
1688,6837,5,1
131,5192,20,0
1686,6122,14,1
1333,3259,45,1
770,6259,14,0
344,7418,8,0
1516,8545,48,1
1438,5407,13,1
806,8620,24,0
386,3144,15,0
1216,9712,1,1
956,5736,22,0
277,2992,34,1
1185,5388,40,1
460,5912,3,0
1338,754,26,1
22,5581,14,0
253,859,41,1
748,6882,8,0
857,1898,49,1
1585,5259,16,1
475,8546,42,1
1083,5362,21,1
511,3923,10,0
1706,1976,25,1
1500,6254,38,1
700,7887,22,0
976,4616,49,1
1807,3834,48,1
190,9536,47,1
958,6072,46,1
687,6739,4,0
958,5456,4,0
563,6480,30,0
1900,1108,2,1
1591,4414,29,1
1268,9802,43,1
832,2608,36,1
1529,4858,21,1
1155,2782,21,1
1509,7411,48,1
1843,1089,21,1
647,8546,4,0
21,4811,1,0
841,6579,26,0
167,7064,2,0
1298,8175,9,1
388,4552,45,1
601,8547,18,0
316,1107,48,1
14,6596,48,1
242,7788,42,1
777,4008,41,1
1370,2903,11,1
565,4479,25,0
898,198,26,0
1364,8488,36,1
92,977,42,1
1391,1968,35,1
956,2765,38,1
1479,1488,3,1
1452,2515,41,1
509,8861,35,1
776,2737,40,1
1967,7342,22,1
35,9357,8,0
206,8713,15,0
1105,2983,45,1
1956,1304,7,1
1586,644,19,1
1896,1323,40,1
1412,3272,42,1
1026,9059,17,1
1022,6550,1,1
1414,6620,45,1
566,754,29,0
1130,6921,13,1
1796,2546,48,1
1846,5992,29,1
1501,8512,41,1
703,3766,42,1
402,4377,6,0
730,4502,5,0
1580,2669,34,1
162,5615,11,0
202,9305,9,0
1982,4085,38,1
996,8267,40,1
270,7548,41,1
1887,4410,9,1
816,3119,8,0
1295,3781,44,1
456,9735,40,1
1486,4296,3,1
1751,672,13,1
1276,9624,19,1
1017,4853,34,1
1726,7182,32,1
296,4102,49,1
1749,5729,16,1
720,8517,36,1
1773,4300,18,1
338,2097,14,0
879,9063,30,0
1077,7522,2,1
792,4624,13,0
1946,8725,27,1
217,3507,17,0
764,6831,31,1
188,7895,15,0
380,9157,20,0
493,2893,5,0
1065,7434,7,1
1181,3011,18,1
15,8052,11,0
1837,2515,32,1
65,350,27,0
1881,5051,26,1
1863,8198,37,1
521,5389,45,1
1368,8202,28,1
1153,7357,2,1
648,5665,20,0
1496,6537,4,1
1087,9210,13,1
1163,1273,24,1
1523,8724,48,1
593,935,38,1
392,2362,40,1
1699,9189,48,1
419,4667,45,1
289,3915,29,0
379,346,36,1
1797,2529,2,1
1514,9282,41,1
231,9218,18,0
1018,5387,49,1
41,2707,8,0
1052,9366,15,1
135,6030,41,1
201,4122,17,0
1864,4884,23,1
780,6717,2,0
930,3251,6,0
1057,5680,29,1
1072,7154,27,1
503,7806,37,1
407,7719,49,1
1598,4673,34,1
1752,3591,18,1
805,806,42,1
99,7097,10,0
684,5333,38,1
1896,9045,44,1
726,5855,17,0
1571,7060,13,1
961,8879,48,1
1763,1434,42,1
613,5688,27,0
1967,1947,2,1
1486,6951,34,1
643,7311,31,1
1793,7965,23,1
1029,3417,7,1
1242,6911,38,1
503,264,33,1
767,7160,12,0
398,3157,45,1
871,4528,12,0
795,502,19,0
393,8705,9,0
207,8336,10,0
1039,6449,17,1
1882,4257,40,1
1578,967,39,1
892,8310,41,1
1485,464,10,1
1715,7567,12,1
1599,6671,15,1
864,679,31,1
743,7774,15,0
1265,8837,28,1
564,6568,4,0
1021,4250,36,1
96,3139,1,0
1924,4237,44,1
1758,552,34,1
485,6637,47,1
1431,1481,17,1
231,8254,39,1
749,1567,38,1
1679,2838,44,1
1195,7672,33,1
541,9508,21,0
1060,6847,26,1
525,980,46,1
1184,3249,36,1
1863,8376,5,1
1723,7992,33,1
1267,4244,1,1
1110,1268,6,1
1820,3229,37,1
578,3745,2,0
682,2626,5,0
557,3616,26,0
1598,3467,41,1
1977,7438,47,1
1013,3655,13,1
646,5211,12,0
796,6852,5,0
1052,545,2,1
1644,6464,4,1
1580,3726,27,1
1364,4116,10,1
1822,3975,13,1
1982,5597,44,1
1355,6338,2,1
1664,361,26,1
1530,5092,15,1
1372,4125,46,1
1497,8383,10,1
1255,4322,22,1
190,4275,40,1
1249,9274,25,1
1409,3543,15,1
1401,5111,13,1
1307,793,8,1
1982,8447,21,1
633,1912,21,0
628,5824,22,0
973,1507,46,1
1769,8132,33,1
1283,9508,45,1
1383,1510,27,1
710,3597,40,1
1480,4472,22,1
1435,7494,30,1
649,651,9,0
318,9468,45,1
1701,4432,35,1
1249,1097,18,1
1843,4176,42,1
1258,6199,5,1
684,5655,27,0
664,4152,6,0
1999,5403,32,1
1851,8218,8,1
1398,6202,39,1
1696,5590,21,1
1632,8664,18,1
1496,5716,14,1
1257,2348,15,1
1716,948,42,1
1137,6454,26,1
1854,8795,44,1
1521,8170,32,1
442,8994,39,1
564,3725,28,0
1292,414,39,1
1534,2476,43,1
1831,9332,32,1
1410,4478,13,1
1411,8549,15,1
1137,674,18,1
1637,9844,39,1
1649,5685,6,1
952,5592,11,0
1105,9049,32,1
699,2910,40,1
113,8234,20,0
2,9396,33,1
642,5770,40,1
220,7815,8,0
1590,6667,35,1
855,3559,5,0
1760,6217,35,1
1249,4092,47,1
385,7937,14,0
1427,303,21,1
1662,2875,47,1
1154,2092,24,1
1077,2343,17,1
1708,8598,18,1
730,1787,34,1
1696,4209,12,1
1734,1960,16,1
1440,5276,4,1
247,822,25,0
836,9071,34,1
1463,8820,28,1
203,4993,46,1
1208,443,11,1
123,5498,13,0
401,8500,31,1
767,4836,25,0
294,3506,39,1
280,9603,10,0
1861,1019,24,1
884,5919,1,0
1634,2144,25,1
198,518,28,0
982,1849,36,1
1931,7478,18,1
1535,1199,6,1
752,3492,2,0
144,2872,3,0
609,6884,46,1
1225,1645,8,1
1148,1170,31,1
187,6622,48,1
1350,1950,19,1
464,5153,6,0
1373,3039,14,1
1795,7294,3,1
660,5951,48,1
764,6773,1,0
955,778,44,1
1956,1088,30,1
403,9899,46,1
1370,1602,19,1
1987,1889,19,1
1535,5381,9,1
147,5127,7,0
1172,1525,46,1
864,6754,37,1
1735,2540,41,1
1844,6956,7,1
489,7467,9,0
929,9570,4,0
1960,2694,25,1
1664,4789,49,1
551,2536,12,0
338,5617,6,0
872,9319,18,0
641,6410,40,1
1803,3639,21,1
1977,3583,15,1
473,7471,3,0
1970,2341,2,1
151,6478,41,1
1439,2865,40,1
1322,9465,4,1
1635,5011,32,1
263,503,2,0
1788,3482,46,1
144,4263,29,0
346,7730,2,0
624,187,34,1
1017,9450,27,1
1596,5916,39,1
881,5570,44,1
2,6376,38,1
897,5839,18,0
1328,4373,36,1
254,9673,19,0
1676,6623,27,1
453,5103,45,1
1061,8138,20,1
1184,6706,21,1
1015,2164,23,1
9,5415,30,0
1257,417,25,1
1123,1602,31,1
1683,6230,27,1
816,7519,34,1
208,2142,8,0
1155,4698,19,1
404,218,41,1
152,809,26,0
54,3657,28,0
1144,3350,4,1
1697,8161,31,1
1944,8709,16,1
628,2703,10,0
587,1201,38,1
1649,4521,48,1
1992,7957,10,1
1444,8277,45,1
1446,6182,9,1
104,6758,39,1
1876,2361,36,1
254,8121,36,1
1251,608,19,1
1136,2479,19,1
510,8979,12,0
1497,4852,13,1
99,9584,25,0
153,5595,36,1
1885,3309,25,1
914,7498,28,0
1920,6843,42,1
878,5748,39,1
338,5271,30,0
1730,7990,5,1
822,424,17,0
1187,3657,18,1
1744,3687,43,1
957,251,47,1
1705,1054,21,1
161,4454,22,0
1604,7260,39,1
801,9483,6,0
398,787,16,0
1301,8601,2,1
816,9794,1,0
1940,3227,30,1
1528,6863,43,1
1920,3495,37,1
1416,9105,48,1
1159,945,23,1
1219,1264,1,1
401,6004,19,0
640,5460,46,1
1057,454,3,1
688,1972,2,0
460,2124,37,1
955,2917,17,0
1907,3932,28,1
470,8357,18,0
1399,2681,33,1
1046,9682,15,1
750,9422,22,0
1694,2586,41,1
38,9126,27,0
230,8518,37,1
1389,2543,32,1
563,9019,45,1
438,1136,19,0
1800,8784,28,1
1307,7535,28,1
27,1648,10,0
226,9435,20,0
1301,5165,25,1
798,6596,21,0
1633,6283,14,1
284,4057,22,0
879,3507,26,0
960,739,44,1
1505,272,11,1
453,5766,7,0
1020,4454,17,1
1853,4059,18,1
816,8808,7,0
659,8814,20,0
1540,2986,38,1
547,2264,11,0
1216,4045,44,1
1073,5335,16,1
1536,7846,27,1
17,2690,11,0
1196,7854,16,1
1244,5034,23,1
158,4176,12,0
477,5285,40,1
1070,1193,3,1
1397,3980,2,1
518,6659,38,1
99,2885,48,1
1916,6165,24,1
1769,6639,29,1
1061,1674,47,1
280,5776,46,1
1373,8160,34,1
497,4090,20,0
302,5310,18,0
181,4945,14,0
607,9385,18,0
1123,1289,2,1
700,2789,1,0
993,4195,20,0
1140,1975,34,1
191,7868,41,1
253,3506,41,1
981,4032,48,1
928,9899,11,0
1185,8340,27,1
1280,5508,23,1
1347,3961,38,1
128,7506,44,1
18,2933,3,0
1817,5385,12,1
1759,9689,30,1
566,7745,31,1
570,9123,23,0
1347,4877,1,1
1896,2835,41,1
686,8373,20,0
1816,8378,6,1
626,6468,11,0
1312,921,35,1
1967,7625,4,1
854,262,29,0
1687,7877,10,1
962,2032,29,0
1663,3635,38,1
155,6056,1,0
490,3546,40,1
1410,2890,8,1
785,2807,38,1
1128,8059,17,1
1953,4033,19,1
1417,3485,33,1
1835,6736,15,1
246,1022,45,1
1200,8189,31,1
1063,9874,21,1
1501,664,3,1
1706,3358,2,1
759,2600,35,1
538,4666,41,1
1891,9279,16,1
1842,6981,45,1
921,3736,21,0
408,6130,12,0
525,323,28,0
828,6397,12,0
1530,450,33,1
903,7414,20,0
1849,2028,40,1
36,7843,49,1
685,8640,21,0
20,4832,39,1
321,1117,41,1
1800,2326,49,1
512,7306,42,1
400,7270,36,1
654,6307,22,0
972,2519,26,0
1907,6340,7,1
471,1993,7,0
1167,5422,8,1
1116,7818,26,1
1378,6978,24,1
834,1225,24,0
1824,3217,40,1
727,4261,48,1
1983,4142,12,1
854,4533,47,1
51,8738,8,0
1689,2758,9,1
1722,3583,3,1
575,3044,21,0
1214,7310,31,1
1149,7753,48,1
150,8887,47,1
314,2086,24,0
570,1174,4,0
1366,4405,20,1
305,3107,16,0
1716,1069,10,1
682,8872,43,1
838,2924,26,0
1807,1311,29,1
1078,329,5,1
1003,4384,11,1
444,3285,29,0
613,601,45,1
993,148,15,0
264,3666,6,0
1077,3155,48,1
1596,8980,15,1
1004,486,43,1
1644,1069,20,1
5,9297,34,1
1127,5920,2,1
1220,3152,44,1
774,7497,16,0
877,2402,19,0
992,2383,34,1
884,9899,49,1
1374,4466,14,1
47,222,24,0
867,6899,28,0
823,9572,48,1
936,3827,32,1
1844,8550,37,1
656,9239,10,0
269,5058,49,1
370,624,45,1
636,9179,48,1
1130,8499,9,1
1694,248,24,1
1683,8101,36,1
657,537,29,0
120,3849,29,0
831,8286,48,1
1811,4553,23,1
1628,5436,27,1
1082,4651,31,1
1975,2923,43,1
1370,5828,7,1
741,8777,49,1
1498,8491,45,1
117,2082,4,0
1854,7096,14,1
791,9763,42,1
1151,2411,42,1
1417,7325,10,1
1932,9813,44,1
1013,704,34,1
1665,8275,26,1
1082,5885,23,1
634,9709,9,0
513,4697,37,1
1775,7859,8,1
802,7632,14,0
1120,8840,7,1
1662,938,7,1
1142,3915,9,1
560,947,3,0
1625,4809,14,1
488,4607,17,0
1261,6675,44,1
1909,4873,22,1
897,4568,46,1
1296,5292,26,1
1213,3420,28,1
704,4798,45,1
1471,4411,14,1
581,3773,9,0
790,1664,26,0
861,1940,2,0
247,6158,11,0
1987,7231,17,1
1100,826,34,1
154,9536,19,0
1680,6797,39,1
1459,9357,18,1
997,382,13,0
1110,1181,5,1
697,3985,23,0
1309,2981,24,1
1998,3070,29,1
1244,9444,48,1
1093,7085,47,1
1071,1047,8,1
1009,4860,26,1
94,166,15,0
1774,8928,1,1
958,8605,28,0
1012,664,49,1
453,9893,47,1
1228,9117,46,1
912,3770,14,0
218,9317,42,1
474,2351,34,1
432,904,31,1
341,4731,6,0
551,9683,49,1
1636,1335,5,1
1313,6820,31,1
1278,7006,37,1
1758,6116,15,1
357,3649,15,0
23,8038,43,1
1786,4241,5,1
522,7066,28,0
1782,9646,33,1
1861,5435,11,1
1124,5177,43,1
802,5711,6,0
1204,8189,23,1
1247,2992,40,1
1930,5677,2,1
762,3718,15,0
1683,1659,23,1
442,6783,22,0
1632,1607,9,1
769,2163,47,1
1016,3742,40,1
1349,2100,30,1
516,1394,16,0
1040,4165,46,1
792,8114,47,1
336,1703,30,0
1783,1422,45,1
258,6056,9,0
497,2541,1,0
896,1198,38,1
160,5173,8,0
1499,9797,18,1
852,9418,27,0
1688,8588,18,1
1932,3887,32,1
690,2196,49,1
1699,2308,32,1
380,6088,48,1
1569,275,45,1
1953,7269,36,1
957,6114,36,1
691,1767,21,0
1451,8967,46,1
1637,1923,32,1
1292,5247,31,1
1859,1456,37,1
1601,3172,16,1
1441,3359,46,1
1192,6299,46,1
1866,646,14,1
1067,5331,24,1
1580,8065,25,1
285,2183,46,1
397,2140,35,1
12,4634,17,0
1631,1852,46,1
1326,9907,42,1
1922,1949,45,1
1277,2742,4,1
499,1700,11,0
754,4502,47,1
35,3899,15,0
727,718,30,0
849,1232,24,0
90,5591,2,0
776,5895,43,1
605,7733,34,1
1946,1587,23,1
970,7948,31,1
1626,5109,37,1
1022,9849,13,1
418,2213,33,1
115,1144,7,0
617,2531,32,1
1927,8079,7,1
1220,1682,42,1
826,1408,38,1
1525,5017,44,1
1650,8893,13,1
1517,1720,24,1
1099,7603,28,1
413,4866,32,1
1400,5462,43,1
1444,5292,18,1
729,6722,34,1
1301,6193,48,1
1021,6804,34,1
761,200,38,1
676,6757,1,0
1418,5975,43,1
1893,4371,42,1
457,337,31,1
920,7326,1,0
192,8132,16,0
739,5318,39,1
1713,4125,15,1
1123,6173,33,1
1572,2642,23,1
978,1637,41,1
1009,854,34,1
96,7496,17,0
1688,7923,25,1
663,5607,42,1
1214,4335,6,1
1760,640,31,1
37,5610,5,0
1804,8561,40,1
1393,8026,40,1
1719,5231,30,1
1549,8797,5,1
279,1229,12,0
217,3245,7,0
867,8653,45,1
873,3820,13,0
1822,9748,49,1
1297,4167,4,1
1905,4295,42,1
62,9973,3,0
596,9344,12,0
1904,7381,1,1
729,2609,27,0
1366,5116,43,1
397,6633,13,0
699,4827,17,0
1043,781,8,1
177,4032,32,1
1636,5660,20,1
396,4116,17,0
445,7439,34,1
1257,819,35,1
1939,174,35,1
76,9585,38,1
265,4257,42,1
455,8611,24,0
1820,2249,18,1
718,9744,46,1
735,9847,48,1
1408,6813,39,1
1588,4307,33,1
851,7241,49,1
1530,8752,23,1
1391,9178,25,1
144,4036,37,1
885,9407,27,0
1093,1175,1,1
1123,3976,21,1
396,4715,49,1
1049,7365,10,1
948,6479,31,1
891,9218,44,1
1493,4752,25,1
1508,6892,20,1
1589,9347,2,1
1175,7556,48,1
1168,4774,15,1
569,641,28,0
1063,2261,13,1
109,2351,14,0
1717,9344,2,1
1066,4669,34,1
1210,2844,35,1
935,6141,37,1
398,4775,25,0
1247,1660,48,1
634,1264,15,0
1157,5519,12,1
1187,2822,9,1
1239,570,31,1
733,9708,14,0
235,1568,29,0
1867,8025,48,1
658,908,43,1
751,8463,38,1
588,6819,42,1
1033,5173,8,1
1098,8112,48,1
954,1745,3,0
492,8349,2,0
913,1229,16,0
1277,1453,19,1
1254,867,30,1
1543,3995,41,1
1198,8974,16,1
1677,3554,31,1
1192,7429,28,1
170,1890,4,0
1417,9769,10,1
946,985,45,1
795,7834,18,0
634,4006,47,1
1218,4592,32,1
1541,9830,30,1
29,2173,36,1
1189,412,9,1
1446,6369,36,1
339,5417,29,0
1672,910,16,1
1520,6941,28,1
1389,2132,21,1
1857,9799,47,1
1366,7229,2,1
500,2805,46,1
1681,8888,35,1
511,2247,28,0
1351,715,36,1
217,1047,31,1
1325,5777,33,1
1156,4751,23,1
1828,7966,41,1
1094,2113,17,1
1276,3797,46,1
1439,590,49,1
1811,4450,1,1
445,2528,42,1
876,5087,23,0
1206,8833,48,1
167,9579,27,0
91,9925,25,0
714,5020,32,1
1882,3026,19,1
1555,9644,24,1
39,7382,3,0
1150,4476,12,1
1475,9590,35,1
173,4968,15,0
653,7086,17,0
754,6962,32,1
1244,4523,7,1
1662,6970,19,1
1082,8259,7,1
1684,2173,5,1
476,6270,40,1
456,801,21,0
829,8213,48,1
895,6925,48,1
1385,7967,47,1
1959,4364,7,1
1025,8068,37,1
387,8246,23,0
1997,7876,11,1
348,8658,10,0
190,8819,21,0
505,4986,41,1
1215,4035,33,1
1532,4719,20,1
1393,5291,33,1
1433,6975,40,1
824,7956,35,1
929,5501,34,1
934,3122,36,1
1141,5838,27,1
134,6084,19,0
58,1870,43,1
1580,9089,5,1
685,3315,29,0
672,6794,10,0
173,3076,40,1
1853,3837,13,1
815,852,29,0
1173,1492,5,1
80,6889,12,0
886,777,13,0
1237,205,22,1
203,4853,40,1
764,2046,15,0
1253,5644,13,1
1700,1195,1,1
1251,7085,38,1
1683,1882,43,1
1556,4641,45,1
1465,3357,1,1
1426,6313,11,1
47,4969,43,1
1257,1661,40,1
1329,4106,22,1
1550,9967,35,1
1167,9414,44,1
1439,4081,6,1
1537,9593,28,1
1397,5782,31,1
1590,5882,8,1
1910,1043,5,1
1283,4650,42,1
656,9237,48,1
471,700,44,1
1977,6476,17,1
971,9709,38,1
1036,1624,9,1
1354,3866,10,1
736,350,20,0
784,9836,14,0
968,178,14,0
358,3223,26,0
972,9189,29,0
1432,7164,49,1
668,8517,27,0
373,1309,25,0
1032,5253,16,1
1146,4998,36,1
1372,2278,34,1
676,7710,16,0
90,8995,33,1
1672,2644,3,1
698,5622,23,0
1340,2470,11,1
1202,3381,48,1
540,4810,18,0
732,428,47,1
869,5679,41,1
41,4328,44,1
740,6894,29,0
1728,220,5,1
1947,6849,24,1
502,1064,29,0
959,4324,29,0
1169,3775,26,1
1225,5794,40,1
929,2176,3,0
1748,6965,2,1
461,5743,25,0
732,8624,19,0
752,5349,40,1
925,1416,2,0
909,1296,19,0
1582,3270,1,1
1571,9721,27,1
1277,455,45,1
390,9818,49,1
1618,128,35,1
883,1113,41,1
256,9119,5,0
709,2124,38,1
1839,8590,4,1
1945,5939,17,1
450,5891,21,0
10,854,48,1
824,9061,31,1
798,3835,48,1
1266,1338,22,1
1275,2006,11,1
877,7499,34,1
1029,8061,49,1
1143,9856,15,1
1016,9510,10,1
1825,4701,38,1
374,9649,32,1
1089,1560,48,1
146,7769,31,1
224,1516,37,1
1263,7866,44,1
177,1528,28,0
1803,4478,31,1
853,7629,6,0
1306,4574,14,1
63,3171,23,0
1241,655,16,1
1878,8647,25,1
827,1663,39,1
795,1140,2,0
689,2786,38,1
1485,2653,41,1
1953,1879,39,1
1634,175,34,1
105,4426,40,1
1123,5935,43,1
511,5157,25,0
385,2449,36,1
405,2873,16,0
823,2362,18,0
518,3329,13,0
476,492,37,1
709,1208,27,0
1887,4462,34,1
1669,5288,11,1
1894,8902,1,1
771,5157,13,0
1461,4098,30,1
1047,8964,5,1
997,6666,18,0
1589,3777,14,1
677,5896,13,0
714,6463,32,1
1482,8223,7,1
83,8322,8,0
1169,7790,7,1
1109,1500,49,1
1102,4171,16,1
457,8908,43,1
1902,2886,31,1
1,7269,27,0
51,970,33,1
685,4296,29,0
717,9704,8,0
1796,2839,33,1
1470,1040,41,1
449,440,19,0
881,7522,21,0
488,4233,41,1
1824,759,21,1
34,9852,25,0
1372,3557,42,1
95,9948,23,0
1096,3075,11,1
1575,9341,33,1
154,553,20,0
250,9996,25,0
674,8284,26,0
438,5542,40,1
118,918,12,0
771,4968,32,1
1915,112,33,1
1330,7827,10,1
268,1020,4,0
1985,5020,15,1
1078,2518,6,1
236,9606,27,0
389,6575,5,0
990,2117,5,0
1758,8057,18,1
763,9520,28,0
1849,4892,35,1
401,6930,22,0
624,2534,34,1
767,2968,4,0
1327,1538,18,1
919,3643,41,1
1231,1881,26,1
1253,6443,42,1
853,2363,22,0
1934,311,47,1
578,8799,33,1
75,6259,43,1
435,7127,14,0
103,431,31,1
1446,6960,10,1
1728,8144,24,1
764,8269,21,0
738,8842,48,1
806,5820,8,0
1330,9233,32,1
98,827,31,1
1874,5075,34,1
798,3343,23,0
1359,748,25,1
859,5195,7,0
435,6714,19,0
447,7235,7,0
1332,1109,47,1
249,1650,8,0
166,9095,14,0
1505,7592,1,1
984,3501,13,0
1359,7547,3,1
1020,5524,28,1
542,4341,38,1
759,3261,15,0
1130,4255,36,1
1587,7578,3,1
81,8819,4,0
133,9315,5,0
797,6717,26,0
900,5760,25,0
138,8724,10,0
184,1276,8,0
1425,8056,12,1
1354,8692,3,1
785,2333,27,0
1532,4800,23,1
1876,6006,40,1
984,7960,33,1
69,7626,14,0
546,5659,23,0
1798,6832,31,1
53,2613,13,0
1474,7930,12,1
205,7044,35,1
126,8010,18,0
1771,5749,21,1
43,1196,45,1
1776,9220,47,1
1995,2051,42,1
1907,9846,1,1
111,9286,38,1
761,7899,41,1
1687,8904,42,1
1207,695,47,1
848,7975,9,0
95,9133,23,0
1995,4539,14,1
1398,6072,11,1
1936,958,7,1
1544,5619,31,1
900,7485,24,0
360,8736,26,0
900,4417,30,0
1720,3554,34,1
281,1130,46,1
1219,9587,38,1
1888,8006,5,1
1219,1547,5,1
667,2950,19,0
93,8206,38,1
672,7251,28,0
1970,9603,26,1
61,7052,42,1
634,4155,23,0
1075,5502,46,1
1427,9381,49,1
1813,1772,30,1
1029,4632,3,1
1490,5024,28,1
604,6185,33,1
682,7834,42,1
1853,4964,3,1
534,9416,5,0
1429,1321,19,1
838,2960,42,1
1537,8528,48,1
645,9436,1,0
233,3353,38,1
524,3882,9,0
346,7057,5,0
1070,866,46,1
546,2781,42,1
1969,7810,34,1
1102,7582,37,1
1754,5186,33,1
1837,8064,25,1
1947,2765,42,1
1097,3613,29,1
794,595,25,0
249,5922,9,0
47,2172,3,0
1145,7895,15,1
214,8629,4,0
239,4049,45,1
1080,6133,38,1
350,8428,20,0
107,2655,49,1
831,6470,23,0
48,4515,37,1
1597,6059,47,1
337,9207,8,0
1050,6093,37,1
804,5121,45,1
1281,3007,33,1
8,3014,33,1
625,3970,7,0
1891,9290,22,1
1277,5185,5,1
1716,6646,46,1
719,495,15,0
303,1038,21,0
639,9928,25,0
56,2610,17,0
726,4736,7,0
526,1749,19,0
474,3790,7,0
28,3535,40,1
78,3301,45,1
1240,4279,24,1
1410,8505,11,1
365,3337,41,1
666,3962,1,0
526,158,32,1
699,5038,40,1
1336,3071,44,1
883,9819,2,0
1031,8414,15,1
1027,9728,21,1
1647,9454,24,1
919,3445,17,0
750,2586,47,1
363,661,9,0
1775,4081,35,1
1532,6361,20,1
1298,1837,19,1
1530,9196,18,1
806,3654,20,0
739,9226,30,0
1907,7195,40,1
1039,8366,1,1
1216,394,24,1
1655,8312,24,1
485,9330,47,1
28,5430,19,0
714,4755,30,0
1063,1209,26,1
1977,3871,42,1
1297,8663,44,1
1255,6223,38,1
86,7747,29,0
1498,1274,13,1
126,1264,4,0
812,9384,45,1
537,9575,17,0
145,9137,33,1
1549,8812,5,1
1236,4566,28,1
25,5638,24,0
1604,7211,17,1
1418,8534,39,1
67,2900,48,1
233,4707,40,1
109,7362,44,1
1170,1641,46,1
111,2865,11,0
228,4591,12,0
111,3183,13,0
1494,5456,8,1
34,1957,1,0
623,869,9,0
1800,1522,28,1
1960,8698,2,1
1393,3072,14,1
748,1972,13,0
595,5699,48,1
1578,2369,2,1
425,5375,4,0
613,4849,12,0
1542,6671,48,1
692,9473,10,0
1306,5172,3,1
1344,9731,4,1
1762,5563,6,1
1467,7550,23,1
1976,8520,5,1
315,4059,3,0
877,1413,10,0
1990,7947,43,1
1765,1170,19,1
1401,9266,14,1
1313,3385,21,1
1461,9049,43,1
662,3195,28,0
277,420,21,0
1734,2421,36,1
1606,655,24,1
1527,5039,38,1
624,5532,17,0
516,1486,22,0
1374,4863,19,1
843,6954,45,1
1470,7737,10,1
1854,4941,11,1
350,3967,38,1
1631,3893,2,1
1688,7473,33,1
823,2613,43,1
1161,3903,31,1
759,2427,48,1
899,8909,35,1
243,2265,37,1
543,3408,47,1
1064,6552,47,1
229,8167,36,1
548,7742,23,0
920,6504,36,1
1247,1092,40,1
6,5524,39,1
1346,9669,26,1
468,4481,25,0
1756,3274,17,1
75,4882,15,0
4,9597,37,1
1871,5660,45,1
646,7560,4,0
118,3178,22,0
881,3083,17,0
1630,7359,22,1
504,6154,17,0
947,2623,14,0
574,9777,14,0
1465,4681,17,1
194,5709,8,0
847,2101,34,1
715,1487,26,0
1416,6652,45,1
1050,1130,30,1
1459,1320,22,1
173,6135,16,0
1324,9910,30,1
1669,9555,16,1
326,6623,38,1
1434,8174,24,1
1142,9163,36,1
836,934,35,1
1811,9210,6,1
724,1824,4,0
225,6698,18,0
532,2513,6,0
113,9605,26,0
140,6093,37,1
559,4598,27,0
1,2205,41,1
90,2668,11,0
654,9430,38,1
320,309,16,0
1574,9356,19,1
1829,5011,43,1
1918,2320,15,1
139,333,26,0
1535,892,41,1
1892,3210,31,1
845,2266,19,0
259,8626,24,0
1697,9651,9,1
902,5293,23,0
690,1314,4,0
10,4519,10,0
261,7414,9,0
1943,8575,19,1
1674,312,15,1
172,1758,34,1
898,5124,42,1
13,9709,19,0
1192,6017,49,1
1666,5241,21,1
1620,1894,34,1
321,6088,17,0
1343,8396,18,1
1637,5678,17,1
329,5651,2,0
785,3945,1,0
777,7006,43,1
1995,478,10,1
911,3393,37,1
1944,3429,48,1
1574,4908,5,1
1443,8037,12,1
1630,324,36,1
1119,837,31,1
1841,335,38,1
1605,811,9,1
318,6088,44,1
1980,1988,26,1
236,7273,15,0
1970,1359,16,1
334,5346,13,0
1909,7371,25,1
376,848,30,0
1483,3651,7,1
1161,6500,4,1
1954,6743,43,1
588,8801,40,1
1571,1923,38,1
513,6952,30,0
1320,7877,10,1
1344,4332,30,1
918,6619,39,1
1596,1877,7,1
1856,1322,36,1
1373,7730,35,1
1864,1877,24,1
1803,9596,39,1
873,7590,36,1
1253,4959,45,1
270,8993,20,0
1852,8218,49,1
798,3089,32,1
1315,8443,39,1
725,1425,49,1
1189,9593,26,1
5,5227,26,0
851,9098,36,1
1403,2822,43,1
78,4756,35,1
1434,1425,43,1
574,4233,35,1
132,9451,12,0
601,2969,33,1
1773,1342,36,1
1066,8639,14,1
89,1931,33,1
402,1669,46,1
296,7346,45,1
1864,2018,45,1
1319,6516,24,1
616,3332,15,0
1550,3858,31,1
800,6097,17,0
1715,2455,12,1
1661,9689,22,1
422,1924,23,0
1889,7380,26,1
1047,4160,14,1
575,5424,12,0
143,504,4,0
993,1821,46,1
665,5416,13,0
145,3945,18,0
1249,4310,43,1
1007,164,28,1
503,9591,38,1
1986,6482,41,1
1998,9707,44,1
821,1068,19,0
1640,468,46,1
104,8524,47,1
1971,2342,43,1
1063,5102,38,1
1971,3183,46,1
198,8173,3,0
1670,9212,19,1
579,8980,20,0
391,1569,25,0
1203,4825,11,1
1992,4359,17,1
554,3722,49,1
1472,923,35,1
1524,3531,14,1
1039,6628,39,1
1647,4251,19,1
1693,4313,3,1
1313,7520,34,1
478,9089,49,1
1255,879,41,1
923,2992,22,0
420,5634,38,1
157,3406,27,0
550,3002,21,0
1465,3818,41,1
1121,121,31,1
1021,1600,27,1
997,9134,37,1
1435,3741,2,1
951,5312,47,1
289,291,9,0
1278,8687,19,1
196,7274,42,1
598,5214,36,1
1858,4762,10,1
1546,4426,40,1
517,9165,45,1
1659,4435,39,1
1866,8381,7,1
865,8748,4,0
1142,9296,15,1
806,5594,12,0
1933,8636,48,1
1183,2811,6,1
815,7695,9,0
228,6373,35,1
1901,6384,8,1
216,9408,7,0
948,8917,4,0
1720,4094,13,1
15,1778,19,0
1181,8514,7,1
1672,843,10,1
1285,562,25,1
1181,1668,44,1
47,1836,35,1
324,8003,25,0
844,7102,29,0
1709,8956,12,1
130,1456,47,1
1435,1114,40,1
95,1154,12,0
627,1864,6,0
755,6109,10,0
1956,4558,2,1
1316,9704,45,1
794,767,25,0
1835,3470,7,1
1307,6076,40,1
69,1494,23,0
1684,8390,48,1
11,4170,11,0
1278,7082,36,1
1866,8713,49,1
872,5699,48,1
550,3750,23,0
1158,9424,43,1
712,9994,7,0
23,3720,27,0
815,3290,13,0
346,8889,17,0
302,491,32,1
363,1175,26,0
396,2750,22,0
218,2484,13,0
141,909,12,0
1640,8147,7,1
958,5601,1,0
1234,6995,33,1
985,1259,14,0
993,7674,47,1
1647,1631,43,1
1640,5581,41,1
828,7648,17,0
683,5076,4,0
1484,5795,39,1
1004,8545,1,1
356,3648,41,1
1008,6263,45,1
1348,6771,24,1
1157,5364,34,1
888,1331,34,1
1829,2523,24,1
1864,8171,15,1
127,4361,17,0
1130,9865,13,1
1009,3008,7,1
604,4812,9,0
1823,6855,44,1
1402,9917,35,1
1929,3983,23,1
1014,3615,47,1
51,3503,39,1
1053,4698,23,1
1486,5108,26,1
1320,6322,1,1
1321,4109,14,1
1750,2835,32,1
779,4591,48,1
1431,8693,10,1
1793,1074,1,1
814,323,5,0
1637,4713,3,1
1429,6877,49,1
1370,8527,27,1
1646,4311,22,1
420,325,18,0
1206,8283,16,1
983,4377,2,0
825,1441,47,1
1025,4136,13,1
1855,8501,45,1
1974,3827,16,1
567,4028,8,0
371,2903,43,1
936,9401,8,0
1935,6658,10,1
661,493,33,1
1455,6939,31,1
969,9135,12,0
1333,9816,9,1
1161,8895,37,1
202,681,9,0
1460,232,48,1
313,2938,18,0
117,3485,30,0
1690,3870,32,1
937,2368,40,1
1827,1075,23,1
575,7705,11,0
244,7313,20,0
537,9835,19,0
1626,2935,36,1
75,2838,26,0
1830,9649,10,1
386,4234,24,0
1927,9608,13,1
1234,6933,46,1
475,8453,34,1
418,2009,29,0
347,9419,36,1
1553,9950,7,1
640,2063,30,0
939,5253,17,0
955,1066,48,1
876,989,13,0
763,3161,24,0
1203,6561,31,1
1206,6266,27,1
664,7067,21,0
25,9958,44,1
1991,8201,1,1
1204,7479,15,1
710,9733,3,0
1525,7380,6,1
1880,1167,14,1
1185,4323,38,1
177,9118,33,1
285,4707,38,1
63,4085,8,0
1003,3279,26,1
662,4638,15,0
666,2462,14,0
156,2324,48,1
1906,6471,20,1
1493,1826,48,1
1073,5891,19,1
967,8173,33,1
849,8558,36,1
1108,7113,24,1
1385,937,10,1
689,4684,34,1
148,786,36,1
1654,456,47,1
342,9163,36,1
476,4747,16,0
1087,4518,15,1
1725,6742,18,1
1384,3491,7,1
561,4457,47,1
327,4979,22,0
1793,5419,32,1
1760,2839,43,1
1165,9610,19,1
990,9827,40,1
215,4884,1,0
435,977,35,1
1915,2970,5,1
952,392,12,0
723,9943,12,0
1342,8828,21,1
32,2786,19,0
670,333,9,0
285,2474,43,1
1329,2372,49,1
429,1066,48,1
1501,989,36,1
286,3963,42,1
1168,6254,47,1
1448,3500,32,1
1043,8326,35,1
18,4642,31,1
769,3623,32,1
590,1863,37,1
1395,3391,32,1
1199,2588,43,1
1010,1658,37,1
194,4790,39,1
502,6221,38,1
988,2376,30,0
1137,4539,32,1
114,1203,45,1
1246,7620,2,1
1702,9711,11,1
947,5509,20,0
831,9770,37,1
1668,7969,9,1
1921,3056,38,1
1288,7810,49,1
925,6117,19,0
55,9674,40,1
1895,3484,7,1
1667,9861,5,1
800,128,47,1
778,8997,42,1
1482,9312,24,1
1902,9738,48,1
162,7856,41,1
1404,7048,7,1
87,5855,11,0
55,3702,9,0
1500,5162,49,1
1824,8171,30,1
1202,7344,41,1
1415,6472,3,1
1373,7205,22,1
1032,3681,40,1
833,2862,20,0
313,672,32,1
759,7805,48,1
1859,714,7,1
443,4150,7,0
1791,425,20,1
328,3840,25,0
1078,458,45,1
761,3877,35,1
1263,6006,44,1
1253,1821,24,1
579,1449,40,1
1075,3796,13,1
1633,3996,48,1
1628,4360,39,1
1007,9888,4,1
1288,9919,12,1
1442,7041,17,1
1827,3908,1,1
96,5346,17,0
1112,8484,2,1
1102,3945,6,1
1312,2677,44,1
1144,191,11,1
814,4334,43,1
491,8772,18,0
1936,6692,40,1
452,8228,25,0
1524,1175,39,1
165,2613,28,0
182,8268,46,1
469,6961,16,0
910,9090,12,0
735,704,41,1
823,3079,29,0
944,7240,23,0
7,7165,21,0
330,5016,16,0
775,6900,48,1
1697,697,41,1
151,9824,45,1
1109,7420,26,1
147,8805,37,1
1648,5722,22,1
1405,1977,10,1
915,1799,7,0
1572,9321,9,1
1309,5880,25,1
700,816,46,1
82,4186,15,0
514,765,13,0
1921,7946,42,1
815,6711,46,1
709,1179,26,0
1940,8519,21,1
1547,8440,23,1
746,1169,44,1
1023,5363,28,1
1410,8051,38,1
707,1463,12,0
471,4608,24,0
1143,1855,13,1
396,619,40,1
1556,5563,48,1
261,7333,2,0
805,1202,39,1
934,697,12,0
1280,3373,39,1
1758,5881,14,1
905,6356,30,0
1250,7358,41,1
1077,8880,43,1
940,6654,48,1
1891,9699,19,1
1524,8102,31,1
1530,4946,43,1
854,9921,43,1
1388,9286,25,1
1304,4898,4,1
593,6705,13,0
714,3086,36,1
1182,500,42,1
632,2955,37,1
59,3512,3,0
1751,156,16,1
128,8122,26,0
736,1975,40,1
721,4643,39,1
1906,4398,19,1
1139,3868,46,1
1233,5852,15,1
526,4933,32,1
521,1453,49,1
552,5087,21,0
1986,6697,1,1
237,4411,6,0
1305,3034,27,1
1383,122,23,1
1225,1309,47,1
1782,9040,31,1
1302,904,12,1
1259,8425,21,1
494,4516,2,0
4,8725,5,0
666,5241,9,0
442,5068,20,0
29,3771,46,1
1133,7392,18,1
610,7101,22,0
1751,2198,8,1
805,8544,34,1
75,5161,9,0
838,9421,7,0
1170,3364,30,1
128,5535,18,0
1877,8593,27,1
42,6791,16,0
1380,2863,21,1
41,4105,5,0
934,3341,29,0
34,3157,47,1
1041,650,37,1
1701,5674,43,1
1177,5511,22,1
998,1687,14,0
1402,6020,19,1
588,5360,35,1
1623,4509,24,1
1653,5883,42,1
1898,812,6,1
342,5506,3,0
27,8090,34,1
1849,7520,45,1
1311,6943,2,1
646,2533,15,0
731,3401,37,1
168,370,15,0
610,1179,32,1
268,5422,21,0
1773,8895,17,1
821,5357,34,1
455,8082,32,1
906,9877,47,1
1709,6314,23,1
1425,5106,35,1
922,4085,37,1
981,9687,43,1
1500,8891,41,1
702,8805,37,1
634,6091,33,1
1582,6327,25,1
1600,9358,46,1
130,7933,37,1
1020,2986,40,1
1846,2753,21,1
1387,9380,46,1
1729,4964,48,1
819,2614,38,1
693,4069,40,1
1316,3384,34,1
1395,7840,19,1
794,4666,27,0
29,2296,9,0
149,889,5,0
1803,3575,5,1
1320,9956,25,1
11,1409,26,0
1536,964,19,1
676,5489,30,0
1137,3463,36,1
187,8315,48,1
807,3103,48,1
744,8602,16,0
1251,1331,7,1
1334,8059,18,1
98,2811,21,0
55,6681,31,1
623,7805,1,0
664,521,3,0
758,1046,31,1
406,9478,25,0
69,1934,8,0
1336,1664,1,1
1313,7432,7,1
1786,5044,7,1
1572,1408,8,1
751,3086,19,0
1172,486,17,1
1491,6231,11,1
1763,9453,47,1
1268,3358,41,1
1515,6221,49,1
1873,4911,11,1
958,6674,38,1
1531,6797,41,1
365,4033,2,0
482,1539,4,0
201,6269,28,0
154,4580,33,1
1474,155,11,1
1525,3424,3,1
73,6877,40,1
713,205,5,0
296,3301,21,0
1041,769,22,1
1665,9034,37,1
1241,1066,11,1
61,407,44,1
939,2238,22,0
1640,209,41,1
42,3732,13,0
25,6828,3,0
1063,5784,13,1
1827,6599,28,1
131,2015,11,0
1522,656,11,1
1253,7719,21,1
108,204,21,0
172,2147,7,0
1459,245,17,1
1502,973,48,1
102,398,14,0
866,3338,33,1
524,8937,11,0
275,6482,13,0
1637,2611,1,1
1068,6696,34,1
1979,883,9,1
817,5092,13,0
957,470,37,1
1041,586,30,1
330,7478,41,1
1593,3296,45,1
1847,9652,37,1
1521,4387,47,1
1839,2361,7,1
12,9248,14,0
1342,8672,48,1
1616,338,6,1
216,6943,34,1
339,1205,16,0
1800,1486,37,1
661,9819,36,1
1105,1767,46,1
1751,2791,6,1
1509,7856,8,1
374,2096,24,0
976,1525,3,0
710,8123,4,0
1224,6949,32,1
1561,3347,1,1
466,2692,34,1
1113,1590,45,1
1292,1324,9,1
1679,2687,12,1
1595,7814,10,1
1946,3164,10,1
489,7904,44,1
1901,932,48,1
1562,2540,23,1
47,4895,6,0
1312,1746,24,1
778,540,24,0
1040,6056,21,1
711,9821,42,1
401,2467,31,1
1943,6796,47,1
1818,5290,41,1
981,4763,30,0
1110,7162,34,1
250,4431,18,0
391,9596,12,0
1806,3134,35,1
335,9477,7,0
629,3362,41,1
1543,2207,40,1
137,7136,25,0
883,4420,6,0
688,6038,1,0
1864,2847,46,1
1522,4777,16,1
827,8072,48,1
727,4364,4,0
1501,3233,29,1
594,1565,38,1
1247,4209,47,1
990,2311,28,0
372,5639,22,0
935,9835,8,0
995,1789,32,1
402,9863,33,1
1467,7827,13,1
1514,7864,27,1
615,4641,18,0
1297,3641,18,1
1550,918,13,1
1183,4621,22,1
1176,1224,14,1
995,5760,11,0
620,5741,39,1
188,1229,22,0
1837,1802,36,1
1122,2101,17,1
131,7012,32,1
805,3978,14,0
1195,7332,42,1
936,6431,29,0
986,6135,6,0
183,6623,4,0
983,8211,11,0
364,8836,45,1
39,2501,40,1
1551,9581,10,1
1912,9074,28,1
497,639,11,0
1540,5715,35,1
1373,3056,15,1
982,8177,8,0
921,3822,20,0
1421,5187,21,1
722,6560,1,0
1185,2270,29,1
16,3491,24,0
493,7042,30,0
1450,1716,40,1
1132,9208,35,1
894,6558,33,1
1474,2856,20,1
311,6953,16,0
739,7809,9,0
1194,2036,31,1
546,3191,17,0
414,1068,31,1
251,7397,48,1
759,3303,23,0
1805,6599,6,1
1165,5273,30,1
1298,989,7,1
1440,9084,48,1
1632,9273,40,1
1763,7482,42,1
1915,3631,46,1
1063,901,11,1
814,8334,34,1
29,3449,12,0
958,8105,45,1
477,3301,47,1
318,449,27,0
245,9859,12,0
748,9421,13,0
697,683,8,0
272,3477,16,0
1464,6128,29,1
1772,7794,35,1
1263,6296,29,1
377,7183,31,1
266,3501,13,0
926,3285,12,0
921,5385,2,0
1383,9454,33,1
340,6872,8,0
389,8590,41,1
577,3447,40,1
1713,888,49,1
3,5045,41,1
1453,2989,32,1
1166,9669,38,1
376,5373,28,0
1694,3372,15,1
324,9169,23,0
146,5334,24,0
1982,9869,13,1
293,7002,21,0
1689,7712,12,1
432,2592,13,0
705,6845,39,1
949,9674,23,0
1999,4340,46,1
585,2422,43,1
399,5398,28,0
817,1961,14,0
1913,6720,17,1
1368,4147,24,1
964,7681,34,1
1164,7420,48,1
187,1198,22,0
1829,5347,10,1
61,1834,8,0
939,4763,21,0
1404,6009,37,1
710,3516,7,0
807,6402,26,0
1464,7693,13,1
1343,780,16,1
1326,8263,30,1
1368,2170,31,1
11,6768,5,0
1086,8101,32,1
1869,2291,16,1
226,8959,47,1
1177,9904,9,1
1735,7686,22,1
564,8972,44,1
772,9264,40,1
1595,2946,45,1
1608,2563,37,1
1684,6937,14,1
1885,5022,16,1
1599,4492,43,1
1334,3283,20,1
885,3267,44,1
1267,3097,15,1
1517,6621,44,1
1390,3327,26,1
1354,6664,9,1
1131,2124,1,1
226,429,35,1
825,2586,44,1
218,1255,20,0
937,4577,45,1
753,2285,6,0
506,7186,42,1
259,2417,10,0
1912,3721,48,1
1798,4591,33,1
1541,2611,16,1
1797,7942,36,1
54,8741,6,0
1071,9646,19,1
727,7948,31,1
689,5504,2,0
1545,5493,18,1
1123,1393,42,1
1044,2565,28,1
1914,3275,4,1
1777,7949,1,1
1597,9525,47,1
1915,9729,42,1
1514,8544,16,1
419,8310,45,1
690,2859,47,1
850,5355,2,0
62,8514,36,1
1169,102,1,1
216,8230,39,1
3,1359,23,0
160,8290,26,0
1763,4423,11,1
781,5873,42,1
1144,2668,1,1
893,1985,11,0
1113,7160,24,1
329,7944,10,0
580,6211,14,0
1934,9591,14,1
1381,2438,7,1
1634,9368,23,1
1291,3858,43,1
1641,4910,22,1
952,9239,36,1
1347,6891,27,1
635,7271,2,0
988,2831,39,1
1565,969,46,1
1673,5266,19,1
1219,193,7,1
921,3087,12,0
738,8727,3,0
1356,5047,47,1
170,6751,5,0
521,7079,8,0
1487,6894,14,1
40,6624,36,1
1561,3244,7,1
1285,3687,7,1
1419,176,46,1
955,9107,32,1
1250,9059,8,1
984,6653,12,0
1148,8397,10,1
975,6794,14,0
38,2973,9,0
328,3446,38,1
1275,7124,30,1
1925,3248,5,1
1200,9757,1,1
1626,344,1,1
914,2725,20,0
454,3949,49,1
37,9697,11,0
1340,9273,26,1
1712,7837,44,1
973,8433,3,0
796,992,6,0
1989,5587,43,1
973,7351,45,1
593,7410,11,0
1138,2499,8,1
1064,4740,29,1
1325,3060,10,1
224,7425,34,1
318,1569,24,0
349,3474,46,1
115,8947,48,1
698,8334,17,0
1347,8023,32,1
1592,5222,11,1
1064,9952,34,1
1890,5487,24,1
40,7731,5,0
1883,7326,29,1
1997,5208,48,1
1773,2324,48,1
1313,2210,34,1
1286,1057,16,1
216,7246,25,0
1171,660,37,1
336,9622,8,0
1192,7513,29,1
92,1412,46,1
353,1921,25,0
571,5746,42,1
1595,5045,23,1
816,5474,34,1
1705,2751,3,1
781,4801,30,0
363,2977,34,1
557,5682,32,1
1369,5490,29,1
1717,4183,9,1
1194,845,2,1
356,8849,39,1
191,1041,7,0
1691,4123,46,1
422,2396,5,0
700,1039,8,0
7,1710,32,1
133,6400,18,0
1771,1825,38,1
557,9276,46,1
826,9879,18,0
761,9628,49,1
1055,8953,41,1
535,7287,45,1
426,132,16,0
1418,6085,21,1
672,3514,10,0
363,1256,42,1
1461,3226,4,1
1694,8352,44,1
1575,1643,8,1
1951,371,47,1
82,5395,19,0
356,4176,47,1
1282,6002,40,1
1742,2809,40,1
589,9446,9,0
1548,5321,30,1
295,8629,17,0
1986,6822,40,1
1248,8301,44,1
1549,4244,15,1
1070,5706,4,1
1691,6866,6,1
1137,830,16,1
1257,4990,26,1
17,1748,37,1
360,4328,23,0
1247,2230,13,1
866,4466,47,1
700,1606,17,0
448,2258,27,0
856,3016,22,0
365,3329,37,1
675,9958,19,0
1008,6365,39,1
1350,4236,35,1
467,2789,13,0
414,7290,14,0
1479,2910,48,1
586,6252,31,1
1257,112,45,1
1248,6038,2,1
994,8099,46,1
1855,7319,39,1
1436,5428,37,1
572,3721,14,0
335,3783,9,0
1246,7972,10,1
37,5410,7,0
989,752,28,0
278,5899,46,1
1220,8912,25,1
916,3890,46,1
1888,1745,28,1
484,4612,2,0
1266,4859,17,1
1348,5974,4,1
731,3788,13,0
192,7789,18,0
1041,1479,3,1
524,4343,37,1
918,9680,33,1
401,6607,41,1
1930,7919,24,1
886,8693,8,0
705,2753,35,1
22,5711,2,0
474,6227,33,1
1144,4023,12,1
210,8559,22,0
306,6012,13,0
1294,5230,10,1
704,5539,17,0
687,7980,43,1
285,6549,5,0
716,1825,9,0
1700,9404,13,1
763,7622,23,0
1251,4884,30,1
948,9572,43,1
381,1332,4,0
460,8908,21,0
1031,8438,43,1
29,7546,9,0
907,4716,7,0
1057,4825,16,1
1670,3777,23,1
879,6387,23,0
79,8580,31,1
1952,1509,5,1
947,8305,6,0
459,356,1,0
570,1821,48,1
1562,1523,28,1
1506,5053,18,1
1454,3090,24,1
738,1295,13,0
1309,4659,33,1
516,4465,10,0
1123,1344,7,1
397,6866,37,1
1513,5402,32,1
39,1406,45,1
1295,2502,22,1
887,596,16,0
797,3499,24,0
157,1009,14,0
1099,472,11,1
884,6336,19,0
1824,1444,23,1
1154,8615,34,1
1711,2531,40,1
974,4770,13,0
1108,2884,39,1
1046,9507,44,1
1483,1795,28,1
1563,2007,40,1
1731,4914,16,1
849,880,28,0
1406,1119,4,1
748,1503,28,0
1464,1526,12,1
1628,8955,16,1
989,5968,49,1
21,110,36,1
303,6430,20,0
869,9330,26,0
1979,2925,26,1
84,7564,22,0
1798,3103,9,1
1683,9367,5,1
1977,7295,17,1
1477,6820,49,1
1411,3188,34,1
1531,1889,2,1
1281,3136,7,1
570,7477,36,1
1916,7698,13,1
934,4938,20,0
1551,5972,30,1
1186,3753,30,1
1981,4399,11,1
1187,9368,31,1
1856,1073,3,1
1009,7183,2,1
793,5594,48,1
792,9591,3,0
1548,3506,15,1
1810,5250,17,1
1295,9450,48,1
492,3229,7,0
208,204,48,1
1563,7533,5,1
1608,7789,34,1
1084,3667,33,1
430,4448,45,1
985,4490,16,0
1681,6911,37,1
1629,1281,3,1
1333,4744,47,1
520,5973,48,1
591,4494,43,1
1051,3634,21,1
1710,5944,41,1
1586,6039,8,1
199,6575,22,0
387,1874,5,0
349,8383,17,0
960,546,37,1
1964,208,14,1
693,3339,39,1
1560,6031,41,1
1852,4153,28,1
378,4637,31,1
899,6461,17,0
916,1345,35,1
1582,2820,40,1
527,8569,22,0
1177,7841,45,1
734,5205,48,1
206,3022,29,0
455,2613,10,0
1297,9130,18,1
1918,2901,35,1
1260,7081,44,1
1876,8321,16,1
1764,6602,49,1
521,6138,7,0
1702,6329,30,1
1968,9549,19,1
1017,464,23,1
956,1900,8,0
1855,6058,17,1
726,9196,21,0
1014,7536,26,1
501,4893,28,0
117,8260,39,1
386,279,33,1
1368,3973,40,1
584,4060,19,0
395,1286,29,0
1088,873,20,1
1741,4560,20,1
721,452,10,0
72,7043,12,0
1813,5302,33,1
274,5444,25,0
1344,4607,25,1
338,4930,4,0
1390,217,4,1
1519,581,9,1
607,4387,15,0
166,6902,26,0
1568,8398,15,1
11,4577,26,0
1325,6633,28,1
729,343,7,0
801,7112,32,1
102,965,12,0
1449,9853,35,1
1416,5429,32,1
779,703,9,0
214,5856,14,0
1715,4118,13,1
1112,5292,44,1
1577,2115,33,1
401,9950,32,1
588,3480,19,0
889,3870,30,0
1070,5929,16,1
1696,1713,12,1
1487,1979,10,1
592,5472,2,0
1334,4208,18,1
1110,9391,13,1
92,9366,29,0
1684,9078,24,1
673,248,38,1
714,1854,12,0
936,7478,29,0
1952,6781,22,1
242,3856,36,1
1889,9471,1,1
2,9216,43,1
225,5492,40,1
801,9895,34,1
1769,3152,34,1
1997,5792,48,1
1950,4318,33,1
1953,4903,4,1
589,2477,38,1
116,5186,30,0
1690,3282,46,1
918,3260,20,0
1127,6676,26,1
194,9003,15,0
1190,2686,7,1
871,2748,7,0
90,7413,29,0
1710,1817,23,1
122,5408,34,1
143,7507,20,0
994,970,15,0
106,3674,33,1
887,5927,17,0
428,8086,20,0
1329,8562,13,1
1896,9835,44,1
1995,8841,24,1
317,5869,47,1
1987,5833,37,1
635,3340,7,0
1926,9654,8,1
9,4993,23,0
774,9576,14,0
1097,986,4,1
1383,5954,21,1
223,5418,46,1
1440,2358,10,1
553,4482,22,0
1394,1885,30,1
716,7827,30,0
1288,395,16,1
1864,2697,11,1
1714,780,22,1
1884,4990,29,1
1342,4398,25,1
1108,424,14,1
1342,8052,14,1
111,1086,2,0
251,3218,13,0
383,860,3,0
7,7858,30,0
459,9328,18,0
1108,1006,36,1
208,5599,21,0
900,464,19,0
1414,7869,16,1
1338,3513,28,1
22,8127,4,0
410,8039,15,0
895,9361,1,0
515,3181,48,1
1151,5548,47,1
809,3358,16,0
1724,2207,20,1
874,8028,33,1
14,3033,17,0
971,2929,5,0
978,8733,5,0
1014,5106,39,1
1036,1659,13,1
87,1841,44,1
1548,5930,36,1
909,7623,30,0
1561,725,4,1
1325,1790,23,1
1267,8382,21,1
122,6410,21,0
1171,3106,6,1
1591,4402,24,1
750,1188,47,1
1380,6107,31,1
685,4711,19,0
1928,9472,38,1
1757,8028,12,1
1655,4590,14,1
309,8478,12,0
695,1697,15,0
288,3847,19,0
307,2770,28,0
1836,8531,40,1
1618,2680,41,1
1990,7532,5,1
914,8430,5,0
1747,2606,6,1
662,4825,23,0
549,4400,3,0
1376,8859,37,1
312,7102,33,1
873,9173,43,1
1083,6231,21,1
1667,8931,20,1
924,4637,1,0
1738,2435,39,1
755,4421,47,1
35,3085,17,0
445,659,29,0
93,813,8,0
1974,4693,26,1
1983,4088,28,1
1231,6303,34,1
353,356,26,0
903,8868,13,0
1356,137,44,1
1841,8752,37,1
862,9732,13,0
1749,1932,38,1
159,7700,25,0
1978,5267,47,1
957,532,23,0
24,4251,22,0
404,6511,21,0
805,1851,30,0
516,5097,11,0
732,5820,4,0
1388,7716,33,1
1406,356,47,1
532,771,12,0
956,589,9,0
152,6989,32,1
1586,2196,11,1
1713,1782,37,1
947,2560,24,0
608,4629,7,0
1641,5221,8,1
420,2075,33,1
1274,3316,25,1
1141,9681,1,1
866,4615,3,0
1536,5792,40,1
1764,9876,28,1
578,5039,43,1
335,5663,33,1
1442,3063,46,1
932,4629,1,0
1798,6886,38,1
295,6300,27,0
1962,1076,38,1
755,7445,35,1
1395,145,10,1
186,1293,12,0
1270,4612,10,1
637,5043,34,1
1292,6382,24,1
1667,346,28,1
1261,3319,22,1
530,9083,45,1
1576,736,16,1
21,3875,13,0
911,2521,36,1
1761,9380,36,1
867,4283,43,1
794,812,23,0
1544,5945,14,1
100,5423,32,1
752,6132,3,0
478,3744,27,0
1623,7873,19,1
1322,2208,22,1
940,3714,1,0
526,9534,5,0
334,7057,49,1
2,5379,33,1
375,4432,19,0
293,4000,36,1
837,8039,6,0
1958,7063,15,1
1005,4668,36,1
553,7938,33,1
318,1945,24,0
1526,482,27,1
1852,4212,49,1
381,7169,11,0
1647,3910,49,1
14,1609,23,0
504,7673,33,1
231,1678,41,1
1108,979,46,1
130,2262,47,1
1767,9864,29,1
838,9940,31,1
1169,7814,1,1
891,1459,34,1
1881,4531,18,1
28,8248,18,0
66,4060,6,0
1187,3911,40,1
1253,4342,1,1
261,4317,47,1
1473,180,42,1
1448,2832,30,1
460,7933,4,0
1976,2809,32,1
1700,2522,10,1
301,3741,43,1
919,767,5,0
1327,2596,9,1
287,3599,5,0
1419,9736,11,1
1034,9637,35,1
1731,8180,27,1
630,6923,4,0
270,1289,10,0
592,6704,39,1
1994,8750,33,1
1629,9504,38,1
1802,9203,8,1
844,1125,49,1
862,7885,24,0
1385,171,39,1
1281,5646,33,1
133,2785,41,1
1300,9485,43,1
1800,7472,19,1
1707,1948,2,1
972,2122,11,0
513,6438,35,1
313,3841,17,0
576,1398,42,1
886,4202,3,0
1308,1004,22,1
1145,3126,35,1
1131,6809,21,1
1957,4811,25,1
687,8121,39,1
1228,6069,2,1
165,2720,1,0
305,2746,7,0
1521,4965,20,1
1656,7445,43,1
1580,2389,6,1
1848,7470,36,1
156,3972,21,0
1391,9777,46,1
1743,7790,35,1
1926,1540,36,1
620,865,8,0
1275,4192,4,1
957,9441,43,1
1940,2766,16,1
1906,8755,3,1
334,6068,7,0
1666,7741,2,1
969,2281,1,0
511,9934,1,0
1317,3988,38,1
1044,940,7,1
282,5999,24,0
797,4218,5,0
1025,665,21,1
119,6105,28,0
1059,9256,18,1
198,9287,24,0
485,7326,32,1
1781,9479,45,1
1083,5990,33,1
837,4411,10,0
1185,7836,9,1
1009,8948,49,1
691,3082,33,1
1230,9405,33,1
1036,6183,7,1
490,656,4,0
276,3119,28,0
693,2680,23,0
242,8246,32,1
1240,8343,44,1
1275,9653,16,1
1835,9486,46,1
126,4119,10,0
217,3238,14,0
1330,9940,39,1
1821,771,36,1
1209,877,34,1
1063,5027,24,1
1247,3122,18,1
1208,1960,16,1
495,3239,41,1
427,1174,37,1
1202,9575,41,1
919,6863,25,0
1452,2086,8,1
1318,9293,24,1
1876,6427,20,1
151,1146,48,1
384,2276,30,0
1662,2438,20,1
1837,600,18,1
308,2333,4,0
1360,4708,48,1
1970,7334,36,1
746,8072,6,0
892,6710,3,0
375,700,18,0
1032,4384,47,1
1365,9280,40,1
129,4583,18,0
1015,6001,23,1
1800,6229,35,1
669,1854,6,0
1376,2564,26,1
1382,4582,21,1
517,9786,24,0
1519,9144,15,1
86,7500,27,0
1199,6906,32,1
1826,8743,12,1
1217,7496,5,1
311,7438,7,0
1143,5341,22,1
1242,7494,27,1
427,6537,15,0
1994,4795,39,1
1438,2688,45,1
114,1882,35,1
1169,6047,26,1
1562,6694,23,1
1672,3620,13,1
303,3318,26,0
744,3857,3,0
1905,4116,29,1
588,2937,2,0
987,6100,28,0
1864,7134,23,1
345,7409,36,1
814,4339,49,1
1988,4528,6,1
801,9711,11,0
1025,4250,38,1
1171,9622,34,1
1311,1546,17,1
1678,9732,3,1
1077,6568,44,1
1328,5890,46,1
1093,4275,34,1
361,5180,22,0
1626,964,29,1
1982,6960,29,1
1244,8763,5,1
1986,6317,10,1
1010,5772,10,1
704,1602,9,0
1990,4784,21,1
575,1510,13,0
1609,3870,10,1
1185,4759,38,1
1705,4101,11,1
1113,3583,4,1
688,4662,46,1
781,698,31,1
585,9283,49,1
1781,3141,34,1
589,8260,42,1
1183,6491,35,1
489,7387,39,1
971,166,39,1
1348,8223,33,1
1634,2850,8,1
1405,8761,32,1
1126,6906,33,1
494,6529,8,0
1668,8223,46,1
1638,1731,14,1
19,6552,34,1
1478,874,8,1
1506,6207,42,1
1618,7904,7,1
397,9778,13,0
1001,4119,21,1
1303,1029,47,1
851,3112,32,1
1389,5124,11,1
1355,6364,14,1
1665,8073,11,1
1368,9797,2,1
822,4829,34,1
455,8061,44,1
1625,2919,47,1
725,6755,17,0
1679,1284,14,1
1089,8580,25,1
1100,6443,48,1
711,627,27,0
143,1016,8,0
917,3674,17,0
1939,3419,5,1
828,1506,12,0
605,1341,38,1
1497,5306,18,1
1441,7349,26,1
305,3233,31,1
736,898,37,1
1521,1623,6,1
291,7309,41,1
1964,5028,15,1
102,2988,42,1
1291,2790,49,1
867,4191,26,0
968,7382,12,0
1646,9533,41,1
974,6349,47,1
842,790,14,0
962,8819,1,0
942,1595,17,0
1801,992,33,1
1027,8678,29,1
85,9541,45,1
1818,5973,31,1
328,4603,8,0
816,997,30,0
1474,810,13,1
454,3795,16,0
1948,2786,2,1
629,7288,45,1
1245,5878,18,1
1178,7868,35,1
665,5113,45,1
12,4612,19,0
1157,515,13,1
304,9763,4,0
1317,4280,19,1
975,4362,25,0
1324,2615,38,1
1764,9387,31,1
783,9101,36,1
43,5740,4,0
944,6716,39,1
343,1092,7,0
1350,9573,16,1
1838,4470,48,1
498,1873,5,0
364,3661,47,1
891,3916,23,0
427,6733,36,1
1005,1856,32,1
21,2473,24,0
407,2676,25,0
619,9183,45,1
1015,4284,28,1
336,8999,19,0
1839,2497,7,1
1141,6069,44,1
1148,4635,41,1
399,6983,17,0
793,8227,2,0
1828,9268,16,1
715,834,39,1
51,732,18,0
1807,4368,39,1
324,4199,1,0
789,3001,3,0
141,1763,21,0
470,5691,30,0
787,3972,11,0
1826,1154,22,1
1358,8672,47,1
1917,3182,25,1
964,8107,3,0
1008,9884,30,1
373,4361,24,0
1588,2489,45,1
494,3653,36,1
1563,5238,23,1
1693,9499,8,1
751,644,4,0
1180,3763,39,1
291,2339,43,1
1672,3873,31,1
1168,2727,29,1
106,6718,36,1
1444,6880,13,1
670,8115,41,1
1682,3230,9,1
2,196,21,0
1969,3958,3,1
589,2808,25,0
644,5497,25,0
90,6252,12,0
1369,556,29,1
350,6014,11,0
1483,4468,11,1
1287,4188,49,1
1375,9323,26,1
1132,8499,14,1
1610,2037,16,1
1063,1246,10,1
909,5252,31,1
159,4399,31,1
1607,8218,36,1
959,8734,10,0
312,7859,26,0
1265,8053,20,1
1962,4884,44,1
445,9124,9,0
298,1561,15,0
952,1259,9,0
36,486,7,0
1108,7292,26,1
1476,4875,24,1
1910,3509,12,1
1799,789,20,1
1846,7128,14,1
1409,7362,22,1
1196,5764,16,1
1400,6866,29,1
1709,9461,32,1
1386,1052,19,1
559,6242,35,1
891,6067,43,1
141,7305,32,1
887,2584,20,0
1942,1954,40,1
1142,3331,20,1
1301,2697,8,1
726,7929,35,1
1244,8286,42,1
1929,4083,13,1
1050,7063,41,1
521,6784,6,0
1807,756,47,1
10,7843,16,0
984,6939,5,0
378,6412,45,1
1657,8038,34,1
1661,6276,6,1
682,3385,33,1
584,9877,15,0
152,5659,15,0
720,3663,14,0
1073,4684,39,1
1178,4917,5,1
859,5141,26,0
1317,6282,48,1
1604,8126,17,1
50,3344,43,1
664,1140,47,1
531,2373,16,0
1636,3729,35,1
1084,2214,38,1
1191,7464,23,1
1226,1777,13,1
857,3194,33,1
146,9290,29,0
915,5973,46,1
1700,2384,34,1
1994,5152,34,1
993,7162,27,0
1463,1689,15,1
242,9453,9,0
581,2620,26,0
687,4748,3,0
1585,5829,36,1
483,794,47,1
1132,7907,5,1
1250,3783,20,1
673,6804,20,0
631,7468,5,0
661,2071,10,0
662,9795,16,0
1456,8155,25,1
805,4318,44,1
1679,1968,25,1
419,1771,30,0
988,9374,14,0
1479,1828,22,1
1184,7732,43,1
1547,6503,28,1
650,6192,30,0
969,2242,19,0
590,9440,38,1
1101,6284,42,1
509,6110,20,0
441,353,35,1
1278,4202,22,1
921,3642,15,0
770,2875,11,0
1344,7778,34,1
1827,6312,24,1
263,4737,6,0
1621,6134,17,1
1682,8557,28,1
1859,6576,31,1
1578,3248,36,1
1398,3459,9,1
637,1104,10,0
1191,4817,21,1
1961,3371,34,1
1777,309,31,1
459,9179,29,0
999,5639,43,1
1304,253,43,1
700,3693,11,0
302,8706,33,1
1555,1384,46,1
1604,3248,1,1
1242,868,21,1
1126,9274,23,1
554,5707,9,0
288,3302,1,0
1191,2887,21,1
621,2310,22,0
1006,9330,4,1
36,7499,1,0
744,6438,10,0
1765,8833,15,1
353,458,36,1
1700,949,29,1
1923,7598,46,1
73,4622,5,0
648,2644,29,0
1377,1931,47,1
1915,1572,47,1
1094,9728,27,1
425,429,25,0
999,5951,16,0
708,7132,16,0
1805,5366,36,1
561,4454,25,0
828,6535,41,1
1666,8078,1,1
956,4338,5,0
517,6212,41,1
428,4822,20,0
1563,1488,5,1
160,4285,36,1
149,9011,29,0
776,3335,48,1
1254,4676,34,1
1736,1200,48,1
1586,8964,18,1
67,8808,2,0
1014,2632,16,1
1836,7870,29,1
381,3770,33,1
58,881,16,0
1283,3623,35,1
342,6231,47,1
1862,4882,43,1
1154,9881,42,1
727,5095,17,0
1196,1601,4,1
770,3180,49,1
614,9368,4,0
1233,9392,25,1
1827,602,33,1
354,9631,14,0
1495,3985,24,1
1822,8109,11,1
116,723,25,0
1288,1150,28,1
662,7485,7,0
1836,6181,49,1
1466,5584,36,1
1572,3872,10,1
453,4016,49,1
1869,4118,36,1
1501,1429,31,1
287,4214,19,0
1327,3467,18,1
1017,8195,49,1
311,5241,6,0
208,4051,28,0
618,5184,7,0
446,1673,38,1
670,2734,12,0
633,2868,41,1
55,5402,34,1
912,6350,25,0
1036,1311,17,1
657,9067,33,1
1424,6055,23,1
1932,1260,9,1
1672,6077,6,1
980,7141,2,0
515,2483,38,1
1680,5976,9,1
1566,3640,3,1
237,4735,16,0
1303,1195,25,1
348,6001,24,0
627,8315,47,1
1128,1179,29,1
630,8470,44,1
1541,2947,40,1
1896,2060,26,1
1272,1573,38,1
364,4988,35,1
321,5079,23,0
1657,1312,4,1
286,5797,42,1
149,9101,14,0
1108,519,47,1
1990,3759,39,1
406,5383,7,0
978,9570,8,0
456,9732,42,1
1767,1440,19,1
800,5237,2,0
1185,5289,47,1
1013,1461,1,1
784,691,42,1
460,626,38,1
1574,7955,13,1
1524,1392,42,1
738,1754,44,1
509,287,24,0
1678,2858,32,1
1828,8820,30,1
481,8725,6,0
1687,6531,38,1
114,6137,33,1
749,8594,44,1
1602,4282,23,1
361,7073,10,0
341,537,46,1
770,932,15,0
761,9088,23,0
969,8851,36,1
449,9053,1,0
1867,5894,8,1
835,3674,3,0
1204,3885,14,1
1726,5320,17,1
1431,7850,34,1
1690,6918,47,1
1220,784,6,1
1490,4333,5,1
311,677,46,1
262,8107,41,1
1443,327,40,1
406,2428,29,0
1963,2831,35,1
143,9119,18,0
342,530,40,1
1340,9355,48,1
1125,1809,30,1
244,5882,15,0
490,1334,15,0
12,8593,16,0
1263,5305,33,1
561,1520,10,0
42,868,19,0
678,6134,37,1
594,9696,3,0
1453,8735,36,1
1827,3204,4,1
1182,4455,11,1
1240,3405,41,1
1694,1638,33,1
1486,1431,28,1
134,8268,32,1
1091,7039,16,1
1872,8361,9,1
1031,5658,11,1
948,6044,6,0
1550,7226,49,1
73,580,27,0
399,5363,12,0
1429,4194,22,1
1699,6267,40,1
578,2893,48,1
859,2992,37,1
130,1298,21,0
931,8111,33,1
1490,2472,17,1
1230,1992,29,1
1812,5890,40,1
1792,1983,10,1
266,5567,18,0
1561,897,47,1
1986,8309,13,1
793,8335,27,0
253,254,10,0
822,5062,32,1
1313,4180,41,1
164,8150,45,1
95,6047,3,0
1806,9717,22,1
833,4420,27,0
1134,1992,3,1
336,9189,33,1
822,3524,2,0
238,9550,11,0
381,2115,46,1
1460,6773,10,1
899,6132,39,1
483,4933,33,1
1961,9994,7,1
902,9165,15,0
1049,665,26,1
1677,7512,11,1
1141,2118,38,1
482,2414,27,0
1416,4512,39,1
917,3983,7,0
994,8316,1,0
964,6839,10,0
537,9429,21,0
1103,8002,15,1
1604,1289,30,1
1197,7256,30,1
1980,7442,8,1
1036,6984,24,1
1824,3257,19,1
128,5620,3,0
1632,1841,15,1
92,3788,36,1
1677,7585,6,1
543,5469,42,1
846,5744,48,1
1556,9189,18,1
1682,4123,38,1
989,816,19,0
1852,4067,49,1
447,7523,30,0
390,6550,13,0
672,3315,39,1
1885,7925,12,1
43,490,34,1
254,9991,12,0
1154,3137,44,1
1084,332,24,1
663,3231,4,0
467,7734,36,1
287,333,48,1
1011,1491,14,1
1541,9547,17,1
1491,989,49,1
1954,8002,3,1
778,845,38,1
345,527,23,0
642,831,13,0
382,899,9,0
1803,6607,21,1
690,7125,41,1
1277,9127,8,1
1951,7724,17,1
1080,8426,16,1
1487,5483,16,1
457,6307,28,0
983,2638,16,0
83,3818,46,1
1929,8332,46,1
1123,3467,14,1
149,5108,46,1
1353,5329,44,1
1180,7488,38,1
190,2515,20,0
1518,7271,45,1
883,3049,48,1
263,4361,41,1
1104,5245,34,1
400,3566,29,0
764,3188,3,0
609,1215,10,0
1284,4678,20,1
1796,2690,2,1
1639,7472,27,1
1576,3673,32,1
785,3078,10,0
101,9522,40,1
1383,7413,17,1
1404,7122,33,1
820,5075,6,0
1245,5025,39,1
820,8147,47,1
420,8190,18,0
124,8151,9,0
422,5392,8,0
1255,6745,25,1
1714,5503,31,1
1087,3530,42,1
1509,2095,4,1
1652,6130,20,1
1727,3991,28,1
1598,7245,40,1
768,8598,1,0
483,9654,40,1
519,2202,44,1
155,3130,23,0
92,8624,47,1
982,8207,13,0
1550,342,16,1
455,1984,26,0
1765,8115,31,1
598,9724,1,0
1669,6847,17,1
510,8594,16,0
1207,4430,37,1
386,7963,10,0
1598,3209,38,1
1755,2286,44,1
405,1650,31,1
246,746,10,0
742,6244,49,1
1615,4756,34,1
661,9004,6,0
650,637,28,0
1495,6672,28,1
1850,334,13,1
1912,9796,41,1
1447,6639,12,1
901,1474,40,1
65,2009,2,0
1037,9207,8,1
213,7318,42,1
242,180,9,0
493,2183,8,0
1237,1790,3,1
1717,856,9,1
338,2770,13,0
173,3851,9,0
672,8759,31,1
164,5361,25,0
465,6952,44,1
995,1594,45,1
497,5840,8,0
700,9311,47,1
395,8155,31,1
703,1001,45,1
1941,772,45,1
308,8730,31,1
1792,544,17,1
183,9257,47,1
629,8755,19,0
1818,2298,3,1
510,2387,46,1
1732,4108,30,1
546,9204,10,0
1588,596,49,1
624,1563,29,0
1788,6928,40,1
594,4353,18,0
744,593,12,0
1251,5165,49,1
1769,5530,23,1
1757,1526,11,1
1460,9984,9,1
1949,1893,24,1
1446,2823,25,1
554,758,25,0
21,4861,47,1
554,7730,9,0
397,8841,12,0
625,8934,11,0
105,4450,49,1
192,307,38,1
17,4290,28,0
1144,1983,8,1
393,2986,10,0
425,577,25,0
129,9053,47,1
1154,8481,36,1
572,6954,43,1
1584,855,9,1
29,9738,41,1
1121,5031,8,1
1034,9955,3,1
242,5824,18,0
1850,4250,46,1
1980,4160,35,1
232,4865,17,0
789,3712,36,1
1308,6653,28,1
715,7478,15,0
759,1789,19,0
802,1416,22,0
776,7230,6,0
1979,3286,47,1
726,5889,7,0
200,1245,44,1
945,4494,48,1
79,8042,9,0
1937,7648,20,1
956,660,37,1
1879,2012,11,1
856,1964,2,0
1197,396,22,1
467,2509,48,1
581,7730,36,1
1440,1561,5,1
940,4392,7,0
449,2368,6,0
87,1094,22,0
101,6654,10,0
1032,107,46,1
845,2615,40,1
1224,1517,46,1
1529,2416,46,1
87,7458,20,0
43,4032,28,0
1409,6304,23,1
1645,1387,35,1
1459,1218,1,1
408,8844,29,0
1507,7737,9,1
664,760,9,0
1041,9007,22,1
1669,7022,2,1
148,8204,16,0
277,6437,40,1
232,2629,6,0
1850,4070,13,1
1951,3507,33,1
366,9750,19,0
1252,9146,15,1
1675,7516,33,1
436,4860,10,0
399,1997,1,0
1235,6464,12,1
1415,8564,43,1
499,4187,29,0
540,9564,17,0
563,4474,4,0
1515,7707,29,1
442,4119,7,0
1285,915,44,1
773,7355,13,0
350,1022,5,0
1376,4967,6,1
520,1364,34,1
1344,3824,7,1
138,2822,46,1
1574,5455,28,1
1647,2650,46,1
992,5419,10,0
368,6786,4,0
1244,1773,3,1
1361,4687,25,1
1247,5453,23,1
1672,6957,27,1
1792,1766,14,1
360,4611,38,1
921,6272,32,1
329,1484,23,0
962,4503,47,1
463,4054,40,1
946,6405,37,1
963,8352,3,0
1585,7338,35,1
1828,7081,13,1
1406,6126,34,1
836,6709,24,0
1614,8764,1,1
1641,1058,12,1
169,8824,8,0
217,593,19,0
378,7142,9,0
119,181,28,0
190,7099,14,0
767,3070,27,0
370,111,18,0
1802,7924,42,1
149,861,41,1
1700,3285,6,1
652,125,33,1
1883,1906,37,1
1512,6751,42,1
770,5764,25,0
374,5254,13,0
781,5924,23,0
1717,3759,36,1
160,1625,33,1
351,860,21,0
1936,694,34,1
1312,7292,36,1
1312,1155,17,1
892,3183,10,0
1250,3775,23,1
523,9750,44,1
522,6057,2,0
783,5355,35,1
273,9511,14,0
936,4328,47,1
1426,4281,45,1
183,9791,41,1
1993,1930,2,1
1689,3495,19,1
488,1303,16,0
1851,2910,43,1
846,3192,44,1
124,3144,25,0
985,6171,1,0
1650,7372,2,1
790,4773,48,1
414,3614,27,0
1749,6292,2,1
1196,244,30,1
1312,7607,10,1
1459,4957,19,1
686,1477,42,1
113,3246,16,0
888,5124,13,0
1941,893,48,1
122,9893,8,0
1568,5856,31,1
1246,4514,45,1
1655,1210,25,1
39,5772,39,1
497,4153,21,0
780,4037,38,1
1257,4063,41,1
943,5042,29,0
1554,5997,6,1
149,9074,18,0
1421,1216,49,1
1022,1850,44,1
661,4127,35,1
1662,5845,27,1
1928,5164,5,1
302,9779,7,0
1384,6038,10,1
238,3497,10,0
647,8365,28,0
663,1459,36,1
236,9383,10,0
1760,4953,35,1
203,2041,35,1
256,3248,37,1
598,8033,48,1
662,9536,20,0
235,1385,13,0
1369,6574,11,1
534,870,45,1
860,1943,19,0
1821,173,28,1
1805,1760,38,1
1490,4449,45,1
770,7202,4,0
541,8100,37,1
213,9111,19,0
463,3918,37,1
436,431,14,0
283,1521,31,1
1586,7612,28,1
1631,6990,36,1
1487,5031,44,1
1431,9983,38,1
88,6125,19,0
1068,4508,42,1
461,5213,1,0
278,8519,23,0
1707,2981,28,1
421,2965,48,1
1725,2675,4,1
1377,6285,41,1
696,8756,18,0
515,5841,49,1
703,377,47,1
1654,165,39,1
19,4362,25,0
23,5804,18,0
413,8694,6,0
1054,8089,19,1
1831,6355,12,1
108,7541,25,0
1391,4792,35,1
1305,4519,1,1
1152,8060,5,1
1253,6178,1,1
1135,1537,8,1
136,8720,39,1
362,7132,47,1
1210,5831,43,1
1680,3478,18,1
1608,8684,46,1
129,6447,9,0
1900,6501,5,1
1285,6729,4,1
515,4641,44,1
449,7976,29,0
1924,8633,1,1
1128,8424,30,1
1507,364,45,1
1248,9977,1,1
1856,1534,3,1
874,5427,22,0
1890,5197,8,1
1515,1760,18,1
473,5792,25,0
1034,2454,48,1
1429,8557,20,1
1920,6561,31,1
302,9428,30,0
231,7144,16,0
1755,5597,2,1
923,4649,17,0
1090,6434,10,1
937,6110,7,0
112,5026,42,1
1037,9682,9,1
1417,9404,17,1
500,6165,9,0
932,2279,9,0
598,5067,37,1
234,734,24,0
602,3731,39,1
314,9691,11,0
566,4777,8,0
1036,2318,25,1
209,1489,46,1
1998,4376,2,1
1038,1349,10,1
1657,7740,24,1
1442,5812,48,1
1461,1345,16,1
1401,8345,19,1
1044,542,31,1
587,7076,11,0
1936,4775,6,1
1779,8053,6,1
1759,4477,32,1
1015,7158,39,1
1094,922,48,1
1848,3039,13,1
1235,7196,3,1
1125,5865,41,1
698,1131,35,1
132,662,38,1
1647,440,17,1
1405,4667,3,1
1156,7962,34,1
1044,2396,12,1
1930,334,24,1
536,5302,6,0
1014,9408,42,1
227,9709,11,0
1178,1391,48,1
1829,4827,27,1
1766,8820,48,1
1493,3039,24,1
822,5535,18,0
871,7081,27,0
405,5492,41,1
202,9621,21,0
38,8072,34,1
942,1333,33,1
1796,2900,48,1
188,2875,18,0
1081,6144,3,1
941,3587,24,0
1044,7483,1,1
273,3950,6,0
1143,5097,19,1
583,990,22,0
516,6020,43,1
1245,1288,8,1
526,5744,5,0
1539,840,9,1
1752,1469,47,1
1765,9681,21,1
336,2100,28,0
698,1571,46,1
1079,1636,4,1
500,418,24,0
900,5253,8,0
1912,1994,17,1
766,8091,34,1
536,9567,20,0
162,8692,16,0
1694,6035,10,1
594,823,34,1
1939,2429,43,1
159,9427,10,0
1212,2870,30,1
60,7645,30,0
915,4946,25,0
1841,367,46,1
1343,669,43,1
1902,2073,41,1
211,8837,7,0
406,2922,47,1
664,4560,20,0
1133,370,17,1
1100,7741,3,1
542,9030,47,1
1338,6780,46,1
998,1357,40,1
1141,8350,36,1
927,5470,26,0
868,4958,10,0
1728,8681,34,1
19,9010,14,0
432,7099,8,0
1709,220,27,1
740,7008,10,0
1374,2403,15,1
183,4961,37,1
113,3011,22,0
1207,9091,45,1
481,7336,31,1
1170,5665,2,1
831,6631,45,1
1652,1209,31,1
1137,7029,14,1
763,1350,10,0
476,8277,30,0
763,1749,36,1
1327,7451,47,1
971,6011,40,1
1849,9637,15,1
1020,3056,14,1
1142,5928,31,1
1837,5094,29,1
161,6536,27,0
401,8776,21,0
198,7714,9,0
1284,9094,20,1
660,1815,35,1
1776,8250,15,1
1071,3583,24,1
399,7775,49,1
1734,1857,16,1
1583,1909,36,1
78,5639,11,0
124,6148,8,0
75,9962,3,0
1895,1251,19,1
137,5592,46,1
602,6811,41,1
1424,6402,3,1
837,4847,36,1
1529,8502,25,1
500,4781,36,1
1597,2607,11,1
138,3063,16,0
50,3528,17,0
1795,7594,42,1
973,4055,24,0
1643,3805,17,1
1649,4138,48,1
1886,9344,20,1
254,813,22,0
1654,7360,6,1
710,7111,7,0
1873,8979,14,1
1901,8621,11,1
563,1846,12,0
757,1307,46,1
1939,884,5,1
1450,2796,5,1
547,7173,20,0
1326,5136,15,1
922,7227,26,0
581,3818,33,1
1373,5875,30,1
1856,8010,24,1
1957,2793,23,1
49,725,9,0
917,3808,3,0
1098,6959,36,1
704,9053,48,1
261,7792,7,0
356,6498,22,0
1606,7352,14,1
1626,1655,48,1
1284,8967,29,1
638,4287,16,0
743,7867,48,1
1319,136,34,1
1010,1887,10,1
931,6383,7,0
641,8160,25,0
792,8165,27,0
1337,3980,15,1
612,6032,32,1
1862,8428,28,1
809,6433,9,0
1206,5859,7,1
686,6585,16,0
1852,5167,26,1
1388,761,35,1
188,8073,17,0
1593,6486,23,1
1567,7987,8,1
1620,514,2,1
1688,6950,31,1
985,8634,32,1
548,2829,29,0
725,3997,3,0
926,2269,8,0
1432,1978,2,1
876,6554,31,1
618,4670,49,1
414,1615,37,1
1366,674,20,1
1244,2967,29,1
903,3644,17,0
163,4577,10,0
1975,171,41,1
1244,3080,22,1
270,9409,6,0
632,5592,43,1
906,9651,34,1
1872,4859,31,1
1424,9807,12,1
1206,8184,12,1
1642,139,16,1
1753,9674,25,1
205,5473,22,0
582,7665,27,0
1580,2000,24,1
841,2317,12,0
1837,4896,18,1
1252,4706,45,1
1720,1383,47,1
1643,8875,16,1
596,8750,4,0
1874,915,12,1
250,2611,49,1
875,346,33,1
1465,4925,22,1
1557,6616,18,1
196,516,48,1
690,6802,33,1
1953,3817,27,1
1543,207,42,1
1094,9130,19,1
639,4613,48,1
1423,1521,14,1
672,7383,25,0
1784,355,34,1
1227,7348,24,1
1172,9129,38,1
1496,3062,23,1
1679,2382,5,1
944,8844,44,1
199,8472,36,1
1941,1577,24,1
1450,8862,36,1
1690,5052,5,1
492,5980,39,1
1912,5692,6,1
896,7191,45,1
142,691,36,1
1337,6377,45,1
165,2360,4,0
314,447,10,0
21,8457,1,0
1106,5132,21,1
1605,4543,40,1
1155,8874,39,1
1623,6969,37,1
1754,5796,3,1
1957,3138,47,1
984,2945,31,1
305,7964,27,0
1939,6709,17,1
371,1365,23,0
1881,2374,13,1
853,2570,47,1
384,2677,27,0
1932,3760,20,1
445,1168,46,1
425,5691,13,0
161,6074,44,1
1202,4929,24,1
629,2050,41,1
1732,8383,3,1
895,3193,43,1
490,5411,10,0
1017,1487,1,1
327,4374,49,1
598,2385,13,0
1015,3306,14,1
289,3024,33,1
593,7145,2,0
1688,8571,2,1
1597,1718,39,1
573,8662,41,1
1378,5996,31,1
28,7943,4,0
954,9995,34,1
43,7163,19,0
1705,8595,37,1
423,1448,9,0
1622,5656,24,1
177,5389,13,0
529,2522,44,1
1634,3728,30,1
966,2528,19,0
1518,3133,41,1
198,6257,10,0
610,8960,42,1
1601,8791,44,1
842,7913,14,0
853,1514,40,1
1541,6808,48,1
1538,8821,49,1
22,6735,20,0
1136,3721,4,1
1081,5415,38,1
1090,854,44,1
842,2447,39,1
98,826,5,0
1168,5023,42,1
1904,2749,32,1
435,2915,6,0
637,9166,14,0
1703,3379,6,1
1110,3084,14,1
588,3907,12,0
344,7976,27,0
1960,6199,26,1
1318,707,12,1
1980,6269,8,1
571,7890,10,0
1674,5673,16,1
611,734,26,0
1728,1174,8,1
243,2014,41,1
1855,688,45,1
561,3331,29,0
960,6451,20,0
32,3938,17,0
391,2073,19,0
277,5144,17,0
532,6203,39,1
1178,6783,1,1
383,5937,29,0
1092,9543,14,1
1902,6883,17,1
884,5694,13,0
214,3922,29,0
1679,3489,34,1
376,6014,27,0
744,1880,46,1
213,3788,33,1
79,7311,29,0
1750,5137,37,1
628,6419,39,1
604,9969,19,0
782,8740,46,1
1947,181,24,1
1405,6378,14,1
1001,7099,47,1
680,1506,37,1
58,7510,5,0
1820,1580,24,1
1050,9371,34,1
881,3698,31,1
447,8093,30,0
66,4283,9,0
1945,3780,27,1
1784,7744,28,1
1278,4410,42,1
1923,1858,26,1
1992,2699,18,1
1068,5716,36,1
1121,5913,8,1
1578,3953,18,1
1012,2392,20,1
227,1601,32,1
774,8522,29,0
679,7650,49,1
1460,4350,48,1
1815,9490,18,1
601,7091,7,0
379,214,1,0
1202,9705,28,1
1451,4506,33,1
1939,9284,4,1
709,2447,20,0
307,1141,36,1
779,7027,31,1
504,111,38,1
268,8080,28,0
1610,7971,3,1
8,6475,6,0
1944,7198,45,1
508,3776,23,0
476,6209,7,0
1321,5497,36,1
164,3165,1,0
485,2136,6,0
1621,3146,24,1
1096,640,37,1
567,176,45,1
905,3167,36,1
559,123,24,0
1935,5234,38,1
1968,775,45,1
238,6768,29,0
1128,4367,37,1
1234,6088,45,1
554,7752,32,1
828,8780,25,0
468,1585,10,0
1478,3759,35,1
1292,2519,25,1
386,7840,27,0
775,7243,45,1
848,3595,32,1
387,856,12,0
877,8548,4,0
259,1879,42,1
283,6587,26,0
1650,9764,3,1
1899,358,17,1
40,4175,9,0
486,8598,29,0
929,8114,1,0
220,1218,18,0
1153,7731,41,1
1015,3117,20,1
1024,4441,41,1
1544,1758,34,1
613,8478,28,0
928,1897,48,1
1916,9216,35,1
688,884,16,0
1643,5791,21,1
613,3296,13,0
260,9652,35,1
990,8632,42,1
966,662,32,1
366,4846,38,1
1782,3099,6,1
1811,1293,38,1
544,168,38,1
649,5779,13,0
1548,2528,46,1
1931,6300,39,1
814,5496,13,0
1911,7093,47,1
1040,3698,12,1
1153,9135,33,1
575,673,28,0
1133,4314,3,1
1911,7736,18,1
1013,1578,26,1
1557,9805,40,1
670,6227,2,0
269,9260,4,0
1186,6776,28,1
1284,2296,28,1
924,9803,25,0
1126,8266,26,1
1530,8946,45,1
1759,6150,47,1
1595,4750,2,1
247,8584,42,1
1664,4626,34,1
1819,4512,30,1
1861,5543,21,1
1561,9880,44,1
131,8887,37,1
353,2693,44,1
196,9207,23,0
1817,6952,33,1
1940,6729,2,1
930,3969,27,0
1690,8071,48,1
1406,9267,22,1
1022,9367,34,1
645,7922,16,0
227,3089,20,0
701,7162,26,0
1500,5440,16,1
1501,9743,6,1
265,3923,45,1
1396,4032,44,1
1510,8654,23,1
1458,2529,42,1
646,7544,37,1
211,7247,8,0
1596,7731,6,1
1964,3698,37,1
1401,4429,22,1
1419,6818,6,1
1474,8318,32,1
943,192,17,0
1388,8600,38,1
1900,151,17,1
457,418,37,1
725,5788,23,0
1752,7118,49,1
1250,7310,49,1
982,4056,13,0
1155,6157,32,1
588,6975,22,0
476,4531,7,0
1822,1625,22,1
986,7143,21,0
1301,1378,6,1
156,8805,14,0
1784,6225,16,1
1242,7974,3,1
190,7000,9,0
1441,2600,47,1
981,3564,21,0
1699,2359,30,1
1716,7596,30,1
546,2759,42,1
41,355,42,1
307,1602,32,1
943,4756,23,0
338,5530,3,0
1338,8698,1,1
1099,3276,3,1
953,1960,37,1
279,6258,7,0
1200,5906,3,1
896,4454,36,1
1686,822,49,1
273,7679,3,0
837,9574,4,0
620,713,31,1
1675,3431,2,1
862,5890,14,0
1807,3216,37,1
1883,9104,31,1
931,430,2,0
289,2312,31,1
724,9508,47,1
893,5593,43,1
272,7332,22,0
1954,5714,10,1
1090,6013,30,1
483,6013,33,1
936,5711,19,0
248,9532,46,1
156,419,25,0
1071,8185,46,1
1959,4300,1,1
454,4891,32,1
201,429,25,0
1684,8951,41,1
124,6842,17,0
1,5016,14,0
968,1893,45,1
1783,6557,13,1
855,8225,38,1
640,5803,39,1
191,6270,2,0
1603,6744,32,1
516,7520,32,1
442,4255,40,1
1945,8511,6,1
1839,2711,25,1
1830,5791,3,1
143,2693,18,0
1215,195,38,1
533,9280,43,1
227,9404,3,0
1337,6141,48,1
1653,5163,5,1
949,8537,24,0
1326,3449,34,1
1678,7744,47,1
460,6660,48,1
1425,5347,39,1
551,5456,48,1
393,4177,24,0
1891,4998,36,1
1788,1517,28,1
845,8946,48,1
1231,210,49,1
210,8381,34,1
1139,9054,16,1
1761,7491,36,1
646,5232,7,0
1275,2604,18,1
219,9756,6,0
407,8389,28,0
1467,5339,39,1
1627,392,34,1
1378,1834,41,1
888,5220,29,0
558,6493,4,0
550,2296,14,0
142,3566,5,0
612,2006,25,0
501,1821,39,1
840,1916,8,0
702,8544,15,0
1571,4327,19,1
1683,5875,11,1
1566,3949,20,1
1870,5328,36,1
1531,6949,18,1
596,1158,14,0
1905,2422,38,1
281,8478,25,0
424,1048,16,0
856,8279,18,0
270,4459,1,0
154,5760,40,1
614,7354,1,0
1751,8501,1,1
662,2193,21,0
1968,1663,25,1
83,8317,27,0
1646,274,10,1
947,1434,12,0
899,421,28,0
1450,5798,49,1
1299,5704,32,1
1737,6842,33,1
284,7536,8,0
980,8624,42,1
173,5774,26,0
1351,5102,42,1
1742,1010,41,1
1087,1049,2,1
1097,5525,35,1
763,2614,34,1
1660,7801,6,1
1399,200,31,1
633,4746,23,0
1532,7045,12,1
787,2500,28,0
943,5901,15,0
1012,2443,19,1
398,452,12,0
1144,3055,48,1
934,1118,2,0
1461,1279,11,1
1853,5293,44,1
676,3636,37,1
936,2602,38,1
465,3919,25,0
286,6955,43,1
265,1079,21,0
320,1076,42,1
673,9663,36,1
1400,2380,9,1
820,5997,12,0
89,207,10,0
1678,9264,46,1
1227,1726,5,1
821,8995,33,1
1763,6329,5,1
1001,6977,16,1
1979,974,37,1
334,5643,37,1
222,3909,29,0
41,2207,18,0
1732,9565,29,1
68,659,6,0
988,8408,18,0
1800,5069,32,1
514,3146,42,1
1897,143,47,1
1661,608,31,1
1646,6207,11,1
1622,3539,26,1
1961,4028,28,1
1656,5511,27,1
1151,1016,19,1
1279,898,45,1
695,5071,27,0
1040,1860,20,1
477,3375,3,0
1086,918,16,1
881,5140,39,1
432,3165,44,1
1694,3359,29,1
268,1006,15,0
1059,702,30,1
779,4395,40,1
1600,3627,49,1
494,4643,1,0
1586,1911,29,1
1493,9132,30,1
1791,8063,40,1
661,5349,46,1
1349,4715,32,1
1328,9328,10,1
1300,9016,27,1
1893,6866,8,1
1987,9279,36,1
1708,902,42,1
1953,2682,35,1
1013,6545,36,1
1225,3937,48,1
1469,8818,36,1
1929,1765,25,1
1348,9430,20,1
1059,8751,45,1
977,7075,17,0
482,2652,23,0
728,7575,25,0
480,2908,48,1
1089,5733,49,1
1032,6196,31,1
1325,8923,6,1
343,2556,35,1
1455,9273,4,1
1448,5523,40,1
332,4417,20,0
438,1656,41,1
1612,2305,1,1
174,4055,45,1
559,9213,26,0
527,6905,34,1
1897,504,10,1
659,1720,23,0
26,3052,49,1
820,8180,24,0
605,3218,13,0
406,7480,29,0
232,6730,46,1
533,9886,27,0
1843,665,31,1
1574,4899,43,1
1812,7770,10,1
505,2968,31,1
1693,9149,39,1
179,9576,10,0
132,8876,24,0
1847,4427,33,1
1479,6513,14,1
348,7714,35,1
540,1345,45,1
772,8343,34,1
1430,637,17,1
76,640,21,0
1965,914,32,1
579,1515,3,0
854,1752,15,0
1516,4162,8,1
194,2456,32,1
1186,3910,38,1
347,9155,26,0
951,285,30,0
1385,1651,9,1
1793,7113,32,1
1608,861,11,1
1111,9571,22,1
1958,6263,34,1
1286,7735,41,1
214,3381,18,0
1689,1636,19,1
1746,6301,18,1
1937,3264,37,1
573,2870,18,0
780,7499,12,0
262,3945,4,0
730,3535,47,1
283,4810,43,1
1672,661,27,1
1491,4817,5,1
1404,7723,6,1
362,7287,13,0
1473,2280,23,1
441,2060,42,1
93,3979,25,0
1645,5253,46,1
753,7135,4,0
867,3370,32,1
1448,4787,44,1
142,682,15,0
1315,9905,26,1
1456,9393,42,1
749,388,11,0
1876,5764,9,1
1848,8079,11,1
1713,3959,2,1
653,3160,45,1
701,1283,27,0
998,4435,26,0
49,1546,8,0
1326,6779,21,1
881,6313,21,0
1214,2003,8,1
1160,7994,1,1
555,9369,38,1
404,2477,13,0
892,947,9,0
865,7470,28,0
602,6441,6,0
1831,1339,47,1
341,5700,23,0
1781,9624,48,1
1969,4891,36,1
704,2465,17,0
318,5155,9,0
618,5722,12,0
1387,472,22,1
1846,7883,12,1
382,2049,6,0
233,344,44,1
1801,7895,9,1
1368,5872,37,1
1573,224,3,1
817,2019,34,1
553,9927,8,0
1553,9717,10,1
856,9832,47,1
1813,630,41,1
819,7949,42,1
1595,7029,43,1
1959,4449,9,1
183,4856,14,0
1065,1901,37,1
1575,5256,27,1
397,7956,41,1
1728,5561,32,1
779,9328,4,0
1518,5402,2,1
1683,7532,33,1
907,6289,21,0
1357,1242,1,1
127,7176,44,1
1582,7714,11,1
1581,4940,1,1
1,1729,46,1
1192,5162,11,1
1644,862,7,1
19,7005,2,0
1356,4989,15,1
584,4939,8,0
456,4057,47,1
957,657,26,0
1133,4721,40,1
1292,939,42,1
445,8294,35,1
1264,9343,46,1
1953,9696,41,1
1325,8448,41,1
602,7098,21,0
103,610,38,1
988,1237,8,0
1274,5706,43,1
1477,4766,32,1
520,9006,8,0
1177,5534,44,1
859,6546,10,0
174,2754,23,0
1367,1090,4,1
1694,7920,48,1
1005,2260,38,1
431,5840,30,0
727,4557,41,1
1713,2163,23,1
1711,2077,5,1
1876,8667,21,1
850,9033,6,0
1682,2767,49,1
1986,9532,17,1
1348,5019,25,1
990,8709,24,0
1697,7742,22,1
639,8898,13,0
420,8859,17,0
594,643,14,0
485,983,34,1
1683,4898,26,1
1775,8140,19,1
412,9515,26,0
936,5818,3,0
1108,2168,2,1
1137,7578,28,1
1761,8220,2,1
332,7920,22,0
1402,1886,7,1
1779,5815,4,1
655,9749,49,1
41,8369,38,1
1959,1408,39,1
1794,8939,20,1
959,8844,6,0
1821,8573,9,1
105,9573,31,1
202,4961,26,0
450,2876,36,1
1843,1696,26,1
1867,579,28,1
1997,3412,5,1
1290,6256,10,1
910,8019,18,0
210,6844,15,0
563,3998,33,1
1142,2172,5,1
713,9587,37,1
1401,5724,40,1
1575,1038,22,1
1564,8276,22,1
771,861,22,0
1108,7354,15,1
454,1769,17,0
667,7228,45,1
629,3962,28,0
1538,2785,22,1
1629,6734,21,1
1702,2031,42,1
387,7408,17,0
1936,4039,5,1
1374,1226,18,1
296,6121,17,0
258,6537,4,0
1105,7139,7,1
1961,5473,25,1
268,1303,37,1
419,4235,40,1
235,8811,40,1
1857,8004,43,1
1335,2383,9,1
1837,4658,19,1
1999,5447,9,1
986,7967,23,0
1381,6044,31,1
1237,8774,32,1
574,2577,31,1
49,3193,17,0
1151,8634,48,1
223,7307,39,1
921,9754,22,0
1303,9494,35,1
1432,9913,30,1
1529,6327,40,1
1318,3635,37,1
1820,7104,26,1
277,3013,6,0
1462,9481,34,1
1131,2440,32,1
1682,9895,25,1
420,5389,13,0
611,697,38,1
1453,8936,38,1
375,7245,2,0
73,3002,5,0
1973,6745,11,1
1658,9055,11,1
1054,7794,24,1
1212,4930,14,1
1388,7646,45,1
1890,7468,30,1
1824,9934,40,1
1475,2260,47,1
195,5978,44,1
1180,7763,35,1
1196,3849,21,1
847,3022,5,0
1065,6586,38,1
1087,8212,2,1
23,8871,40,1
360,3904,37,1
1099,4978,49,1
560,2468,34,1
672,8193,11,0
1849,4032,36,1
1142,5708,11,1
1636,6735,9,1
1404,6495,6,1
1953,6201,34,1
1944,9392,47,1
679,9962,37,1
1314,5631,32,1
440,5070,12,0
1692,6444,45,1
933,8508,32,1
7,475,17,0
1220,7987,4,1
421,1709,42,1
1592,3039,33,1
833,4162,43,1
1217,1713,48,1
559,6678,43,1
1172,7951,9,1
1811,3779,34,1
1693,7640,39,1
1226,9588,30,1
1468,7174,20,1
914,4096,39,1
1443,4886,23,1
1451,5795,41,1
1007,9447,44,1
1503,7098,35,1
1499,2466,23,1
126,6864,48,1
395,9076,39,1
817,9373,23,0
881,1714,37,1
1830,4655,23,1
576,2516,39,1
325,7388,28,0
1416,6962,19,1
930,3753,49,1
1712,6739,48,1
1652,596,30,1
1464,604,21,1
1228,7799,24,1
1510,5833,21,1
833,8155,26,0
1055,3316,36,1
1412,5788,26,1
1649,9700,33,1
1901,4464,36,1
1458,6142,4,1
837,1577,9,0
926,5060,8,0
1400,2497,2,1
1368,8401,29,1
443,8941,23,0
1603,6294,6,1
75,7670,43,1
557,7830,36,1
1796,1599,46,1
1690,7335,21,1
1179,695,22,1
1454,1078,9,1
363,830,34,1
448,156,26,0
1258,2343,1,1
1587,5979,36,1
1842,1801,44,1
262,7329,5,0
1851,1386,41,1
125,8403,22,0
911,9493,4,0
245,1047,48,1
542,4221,2,0
1962,6653,16,1
485,857,16,0
122,5751,22,0
125,7373,43,1
1573,3635,1,1
170,2393,15,0
124,1204,24,0
1893,8953,4,1
1059,1008,18,1
1111,6639,17,1
646,4717,7,0
1732,7169,45,1
786,2411,10,0
201,889,1,0
369,271,2,0
797,8089,49,1
77,1985,22,0
59,8767,32,1
431,1149,29,0
638,4229,35,1
1524,1261,17,1
1937,915,12,1
109,3866,24,0
1760,9045,30,1
1008,4761,44,1
1302,8753,30,1
68,3339,20,0
1093,8372,42,1
1189,2904,7,1
1513,8131,42,1
305,969,38,1
1933,5626,7,1
674,7841,49,1
365,4794,30,0
1878,9098,12,1
821,2034,49,1
1403,5272,31,1
343,803,18,0
947,2623,46,1
899,2739,43,1
1578,6259,2,1
1378,4009,33,1
1440,1264,11,1
1133,719,34,1
1587,8082,16,1
762,3166,35,1
1521,4972,33,1
341,8738,21,0
942,2437,20,0
383,8500,8,0
1004,5694,26,1
1557,2560,33,1
300,6920,26,0
139,5646,37,1
359,3542,30,0
836,2811,31,1
1523,1391,33,1
1409,5474,11,1
1628,9692,41,1
1983,2755,5,1
1304,6613,2,1
1661,7494,13,1
483,804,18,0
909,925,26,0
1135,9296,25,1
866,476,44,1
139,1072,14,0
996,4313,5,0
435,543,42,1
509,7619,2,0
273,854,4,0
1123,4835,12,1
1788,5496,11,1
1874,3565,4,1
104,2811,43,1
1238,2507,9,1
1785,8914,10,1
1688,5688,27,1
762,6204,6,0
787,5847,15,0
165,1823,42,1
999,7324,31,1
1877,2019,22,1
520,1018,6,0
1308,4315,33,1
517,681,29,0
657,3981,21,0
613,9978,30,0
164,4009,21,0
1910,2099,36,1
1683,500,22,1
64,3748,46,1
1115,5545,20,1
1141,2728,22,1
1890,1756,40,1
267,720,11,0
1846,346,47,1
1709,5312,31,1
1583,3439,40,1
1164,6858,13,1
246,7186,18,0
1685,3110,22,1
1782,4819,17,1
395,2468,38,1
1511,1939,25,1
476,3003,32,1
1541,6305,15,1
977,4495,13,0
1208,5867,26,1
1044,3791,11,1
1961,7570,13,1
558,3941,33,1
1018,4448,37,1
1548,6721,38,1
1606,1492,1,1
1553,6160,39,1
883,4355,27,0
147,4400,36,1
666,3438,32,1
1328,5587,41,1
620,3614,15,0
1772,859,31,1
820,8721,6,0
864,6893,25,0
582,2559,49,1
1023,5373,18,1
695,1818,22,0
1786,9557,31,1
1252,5523,36,1
1126,1408,9,1
1611,1150,46,1
1441,5579,3,1
1982,2349,33,1
1240,2909,27,1
407,3021,43,1
399,4776,1,0
1947,4141,44,1
715,2517,9,0
704,632,5,0
761,9190,15,0
499,8267,9,0
1778,1569,45,1
1489,9544,28,1
1715,7392,13,1
1973,9061,24,1
974,9125,45,1
1755,7242,10,1
82,6100,42,1
604,7181,22,0
1971,4749,39,1
1711,7031,22,1
1775,3524,37,1
772,1191,39,1
903,9488,20,0
365,9952,10,0
163,7949,10,0
1072,4754,26,1
511,360,25,0
1353,6036,28,1
1864,9477,13,1
116,4470,15,0
941,4401,6,0
1873,7307,12,1
337,5919,19,0
881,9158,32,1
737,192,11,0
1888,5261,38,1
840,7732,33,1
147,9643,2,0
1599,6308,15,1
1830,8656,36,1
1347,5016,5,1
443,3818,15,0
837,6225,43,1
1037,2024,10,1
943,3195,17,0
1518,6783,34,1
1725,5281,24,1
287,2638,10,0
720,9588,30,0
1138,2376,3,1
480,8294,37,1
22,1010,3,0
1373,406,40,1
1750,6675,5,1
683,4331,28,0
1859,6128,44,1
1590,6758,14,1
906,6436,39,1
1834,9730,11,1
320,972,8,0
126,1241,37,1
277,765,8,0
1228,8500,12,1
194,1051,15,0
1705,9349,19,1
1688,4822,48,1
1571,4108,46,1
696,6755,28,0
1310,6290,7,1
57,871,40,1
1758,4130,7,1
1327,7959,30,1
1187,621,18,1
19,3455,24,0
1394,1500,6,1
264,3823,4,0
794,6679,3,0
113,3347,49,1
1512,1958,47,1
1351,4881,6,1
542,4164,26,0
647,2498,44,1
579,242,38,1
1089,5162,11,1
1316,3569,29,1
25,3795,20,0
1573,817,10,1
1,742,26,0
911,2648,48,1
1573,8661,27,1
141,3750,14,0
1768,7649,36,1
648,9078,12,0
1925,1049,23,1
188,5544,21,0
1152,621,8,1
201,6732,39,1
1151,6148,9,1
257,454,24,0
1700,1582,31,1
547,9939,25,0
194,7094,17,0
703,2315,42,1
1128,4816,29,1
1559,8719,3,1
1289,5921,21,1
802,2637,8,0
942,6439,14,0
1998,8836,39,1
1408,5019,16,1
1284,7175,18,1
414,3865,31,1
1382,8950,11,1
1099,7182,38,1
1379,2927,20,1
1608,2158,46,1
1795,7849,45,1
910,830,4,0
188,1932,20,0
1997,8700,31,1
1709,6605,20,1
1314,7270,11,1
45,4279,1,0
1597,6399,44,1
83,7930,18,0
1147,4902,39,1
358,6157,44,1
1552,6715,33,1
1090,6862,36,1
936,5643,18,0
1681,8425,47,1
375,4983,31,1
162,7150,35,1
1770,5059,39,1
1404,766,38,1
1680,376,15,1
1382,981,47,1
1212,2160,6,1
322,2182,8,0
450,6802,40,1
1498,9529,22,1
1037,258,1,1
184,5329,13,0
111,8056,24,0
1951,7614,21,1
508,7903,45,1
1314,2626,43,1
295,8402,4,0
1475,7903,7,1
904,6674,12,0
1239,8833,13,1
974,1238,44,1
632,7357,16,0
1918,3383,6,1
1591,7862,14,1
1051,7996,48,1
1654,2519,31,1
733,1856,36,1
1255,2406,37,1
1589,7730,41,1
1831,6363,35,1
321,9267,10,0
913,5108,17,0
1257,5347,42,1
1694,9014,30,1
437,2670,44,1
781,5907,7,0
1557,7912,18,1
1427,424,19,1
1077,7587,15,1
1811,9821,39,1
1337,5745,44,1
1305,2045,22,1
726,4586,39,1
31,2530,42,1
337,3610,30,0
183,945,20,0
1047,667,32,1
544,2279,42,1
1470,2119,25,1
1098,3419,23,1
1034,2420,5,1
1508,1746,41,1
1480,4009,30,1
1590,8115,48,1
1588,3520,39,1
660,456,27,0
160,7585,42,1
1906,3181,37,1
1038,2380,7,1
1202,4231,5,1
412,5223,15,0
1902,7522,42,1
1012,2887,8,1
53,4309,9,0
408,6640,11,0
847,9489,22,0
1046,9570,34,1
1054,565,35,1
703,1587,13,0
260,5042,11,0
1229,4697,32,1
1083,4636,42,1
1495,425,15,1
776,4262,38,1
1490,403,1,1
1036,5167,46,1
1655,5124,24,1
1951,7815,43,1
1998,9732,40,1
1314,8440,22,1
850,2731,3,0
1784,6491,14,1
354,8387,2,0
1663,2469,32,1
1099,628,48,1
873,4775,38,1
1740,1763,33,1
1585,3464,46,1
1615,2441,42,1
1465,6756,6,1
991,5005,41,1
1265,8984,39,1
1018,9243,25,1
1885,6050,34,1
1178,1460,11,1
1810,5227,46,1
1120,5662,37,1
1750,8830,41,1
294,9111,7,0
209,5877,46,1
1367,4025,48,1
1112,8563,22,1
818,8101,48,1
1800,1128,39,1
1961,6118,10,1
390,1342,21,0
325,9433,6,0
940,8884,49,1
889,7219,1,0
1856,9897,34,1
1181,4310,14,1
668,6506,36,1
1675,3477,27,1
633,4171,9,0
577,1540,6,0
1643,3726,31,1
1683,284,17,1
137,5096,43,1
1947,8512,36,1
1698,8131,21,1
428,5663,27,0
1476,3288,41,1
612,9385,28,0
1874,3045,16,1
911,6865,35,1
819,2574,36,1
141,6887,35,1
1107,8892,45,1
177,9452,19,0
198,4699,21,0
624,6374,33,1
1592,4413,23,1
1996,2318,6,1
691,1252,32,1
1445,156,22,1
401,9496,3,0
1722,243,35,1
471,7318,16,0
218,8659,42,1
1949,9774,25,1
929,6461,17,0
1852,715,39,1
1753,8162,13,1
632,6077,28,0
951,9880,11,0
906,7084,10,0
175,8990,39,1
23,5071,24,0
1749,5881,38,1
1941,1044,24,1
235,9214,33,1
1037,7178,17,1
1125,1846,44,1
929,5883,36,1
1560,9851,35,1
1900,7007,6,1
523,9375,16,0
1809,8725,45,1
1476,3026,28,1
431,1189,41,1
793,3057,32,1
1630,2712,26,1
1737,6147,11,1
533,6349,25,0
1876,3859,31,1
979,7818,21,0
1747,4363,45,1
1676,2002,3,1
1317,2667,12,1
810,8175,40,1
913,3094,46,1
1125,5329,41,1
1526,2110,25,1
1328,7477,17,1
871,930,38,1
540,148,36,1
1024,4310,36,1
1577,1278,19,1
1379,5868,44,1
1327,7978,2,1
1520,170,17,1
1682,7786,30,1
1792,7979,47,1
1998,5555,10,1
227,8358,35,1
1260,5712,36,1
873,5869,33,1
892,1877,1,0
1479,7480,18,1
1037,2328,4,1
210,8904,47,1
741,9914,27,0
397,8988,25,0
1124,6846,28,1
31,6491,22,0
898,9529,42,1
1552,2506,25,1
649,8540,17,0
329,737,44,1
1190,8190,12,1
1483,1049,16,1
1846,3687,37,1
952,1211,16,0
1124,8467,17,1
621,822,31,1
1879,3942,15,1
1197,3774,13,1
1773,4966,40,1
162,802,27,0
1929,2228,21,1
1752,9218,2,1
776,4333,8,0
1287,2617,42,1
1828,1249,7,1
274,1978,10,0
1027,9545,4,1
1052,9775,43,1
326,409,41,1
940,4052,36,1
1173,7828,35,1
540,3149,43,1
488,5866,3,0
822,9856,18,0
1462,9792,46,1
1089,6512,43,1
356,4965,24,0
1557,115,32,1
1276,705,34,1
235,9673,2,0
227,5008,2,0
1549,8106,10,1
1337,9186,23,1
49,9859,15,0
118,6512,12,0
54,8705,43,1
1674,4220,17,1
565,8607,18,0
1068,4766,14,1
1839,4920,17,1
53,7935,15,0
1610,1949,12,1
558,2053,16,0
1549,8680,32,1
1701,2869,23,1
1126,3146,38,1
1816,7694,34,1
1794,6940,34,1
1873,5166,16,1
868,2515,34,1
398,2489,40,1
1162,6024,7,1
675,8595,33,1
1945,863,4,1
387,7641,43,1
111,915,7,0
614,6355,18,0
17,977,4,0
1804,7273,49,1
1206,7173,11,1
884,4898,43,1
1560,7089,20,1
541,5139,11,0
171,9871,15,0
409,6424,46,1
740,9495,17,0
1402,2923,34,1
1212,5387,48,1
858,3385,12,0
230,7533,42,1
1857,6274,28,1
1876,4926,48,1
119,3764,35,1
1180,597,8,1
784,7741,27,0
1711,4743,22,1
465,5156,24,0
104,231,2,0
1628,5543,31,1
698,957,22,0
1996,8812,1,1
1819,8321,14,1
1526,6247,25,1
1717,4704,36,1
1706,9552,36,1
1723,1658,41,1
175,115,3,0
1758,3705,5,1
745,1707,1,0
1698,6035,19,1
1445,2116,33,1
1158,3674,42,1
1415,7374,30,1
1760,3891,12,1
1525,6506,10,1
665,1188,34,1
33,1461,16,0
55,4573,40,1
1978,5394,46,1
519,7206,29,0
756,7419,15,0
1849,8767,48,1
1662,9581,11,1
12,8620,44,1
1552,1286,34,1
720,3514,36,1
555,5586,30,0
373,3636,35,1
484,1873,9,0
973,5515,18,0
1671,2658,19,1
1252,6007,39,1
623,5179,4,0
307,9554,6,0
457,6824,33,1
160,5520,32,1
331,3391,16,0
776,9310,11,0
225,3624,22,0
983,3604,36,1
729,9098,23,0
1528,6089,26,1
1480,2766,31,1
1069,8696,29,1
1238,7240,5,1
1083,8885,38,1
644,6995,25,0
616,4207,34,1
195,3380,12,0
1949,2312,22,1
489,8178,9,0
157,9834,20,0
610,7701,29,0
1250,713,44,1
412,968,29,0
1229,911,45,1
1103,4962,27,1
1148,4277,17,1
471,1844,5,0
1964,2356,45,1
1242,7712,13,1
516,8813,42,1
1626,7296,15,1
1128,5523,15,1
393,5189,18,0
631,6708,2,0
1669,9817,23,1
1848,1569,43,1
608,2775,13,0
980,1613,43,1
434,4976,4,0
1355,1551,47,1
1167,4754,25,1
1824,3107,11,1
540,3224,48,1
278,1853,42,1
233,1712,12,0
1553,3375,13,1
1595,8847,9,1
1114,2149,45,1
1516,924,38,1
1223,3130,6,1
362,1181,43,1
1465,5399,43,1
26,592,10,0
1049,4864,23,1
1418,7302,15,1
507,8366,45,1
1325,3460,23,1
1363,8662,40,1
267,4782,37,1
461,428,34,1
1717,9068,16,1
456,4774,45,1
1384,4416,41,1
1092,9479,47,1
1007,9795,32,1
863,5903,38,1
1436,3425,40,1
1995,8479,46,1
491,1314,5,0
1857,7656,17,1
1073,9401,22,1
1711,8822,39,1
564,9362,41,1
1126,3236,48,1
216,9254,18,0
1462,6718,28,1
1724,5365,13,1
1593,7189,42,1
559,8065,1,0
159,9697,19,0
489,8808,34,1
686,6669,4,0
1266,1591,43,1
794,5313,3,0
1777,4328,41,1
1906,7608,10,1
5,4509,28,0
1620,690,34,1
1844,7479,39,1
361,9835,47,1
459,3156,19,0
248,2306,42,1
1590,2808,46,1
1697,6081,36,1
946,5822,43,1
422,847,3,0
1947,9092,23,1
1762,6653,17,1
15,1597,7,0
736,1479,26,0
1597,8971,43,1
1146,7460,18,1
277,3870,46,1
1582,3442,46,1
453,9188,6,0
1414,1646,31,1
1318,3226,29,1
1598,5989,9,1
598,6308,35,1
446,8975,17,0
210,1395,12,0
1614,1485,36,1
714,1042,48,1
302,3380,24,0
1933,1133,10,1
1247,2886,30,1
1758,2333,29,1
3,1720,39,1
990,3635,10,0
1542,3305,39,1
1117,2982,28,1
520,270,18,0
1452,8240,41,1
493,9845,17,0
1259,3997,11,1
620,9887,1,0
1185,9915,17,1
1745,4222,36,1
1776,5209,36,1
331,9383,46,1
333,2937,9,0
50,8699,45,1
1547,5328,28,1
863,4269,48,1
1692,6821,33,1
1516,779,3,1
1606,7529,8,1
1705,5587,6,1
272,336,6,0
580,6904,29,0
1891,2523,37,1
1276,1132,12,1
560,6439,9,0
696,3040,41,1
1856,5509,49,1
1723,3232,19,1
1114,7180,17,1
446,5042,48,1
1017,7061,44,1
1356,7830,32,1
1163,733,35,1
357,6922,14,0
1625,4203,49,1
274,9684,16,0
1043,6587,21,1
311,3546,12,0
870,5838,24,0
886,3198,34,1
154,8197,8,0
1414,5576,44,1
1284,8353,21,1
620,5281,48,1
883,1917,8,0
797,8924,28,0
1595,4987,16,1
125,2698,10,0
1378,9592,15,1
1297,2753,4,1
619,1554,26,0
1835,1238,15,1
245,5907,36,1
848,3292,32,1
450,6216,43,1
930,3859,38,1
1271,3129,4,1
520,9652,41,1
1165,5195,9,1
362,163,35,1
8,1445,28,0
478,1074,37,1
1376,4261,47,1
495,6062,9,0
1630,9914,2,1
833,8749,3,0
1451,6696,44,1
1063,3430,48,1
593,1840,5,0
187,6155,10,0
1620,6421,28,1
1624,2054,15,1
754,379,14,0
1878,2491,46,1
93,9332,23,0
86,6539,13,0
1068,1061,16,1
137,6927,30,0
421,1317,40,1
74,8666,8,0
1572,6107,17,1
1637,4230,30,1
1536,1492,17,1
1180,2176,35,1
1962,9066,1,1
1279,4416,49,1
171,6296,24,0
1752,4689,48,1
170,8242,49,1
1788,6360,25,1
872,8571,2,0
322,7997,25,0
1591,4941,14,1
456,7261,39,1
944,9766,33,1
1627,1159,17,1
790,2022,31,1
613,6201,10,0
1179,4692,6,1
889,6449,39,1
349,2573,25,0
1475,8208,38,1
1900,8196,37,1
1677,6848,30,1
1197,4649,34,1
10,694,18,0
740,5552,24,0
1289,606,49,1
1462,4989,27,1
1784,7737,27,1
1271,8312,39,1
667,1499,21,0
546,3301,19,0
1523,7954,39,1
129,6863,23,0
1696,8062,39,1
601,5290,48,1
605,5781,44,1
327,3778,47,1
1777,436,15,1
1859,1767,43,1
980,1009,2,0
404,8567,35,1
629,9183,20,0
1630,8304,28,1
1699,5222,15,1
1635,8253,16,1
1649,1073,33,1
1383,4370,47,1
1627,1508,12,1
1882,2388,39,1
718,8838,39,1
1041,1318,43,1
274,1520,20,0
685,9746,29,0
116,3477,43,1
861,7601,49,1
693,4198,3,0
1115,2838,48,1
1106,7719,5,1
324,1942,2,0
961,9038,23,0
114,2916,26,0
1793,9163,26,1
1082,594,7,1
154,6660,10,0
1901,5610,5,1
1428,3544,47,1
1652,9367,12,1
1879,7643,32,1
1290,7662,42,1
315,4094,31,1
1739,7353,22,1
1065,145,17,1
105,2157,20,0
1925,763,20,1
1914,4768,43,1
1217,2129,8,1
1425,5817,47,1
1302,2796,34,1
354,8931,49,1
1016,2763,23,1
1773,2845,38,1
1961,5104,28,1
733,6421,13,0
1604,5225,29,1
709,5048,8,0
1280,4502,11,1
651,3527,47,1
824,6012,45,1
947,494,18,0
661,3697,25,0
99,429,49,1
588,872,22,0
282,8235,45,1
1907,1745,35,1
403,1887,29,0
1133,9915,21,1
700,1099,7,0
199,1948,12,0
1327,1661,36,1
327,873,24,0
154,7411,32,1
552,5279,27,0
1669,1903,32,1
405,9390,32,1
462,2150,32,1
132,9890,26,0
791,847,11,0
874,8225,46,1
84,5960,18,0
1423,4073,39,1
754,9845,5,0
628,1715,16,0
1133,3854,11,1
221,5606,35,1
1928,4321,48,1
553,5391,11,0
1392,5954,42,1
1171,316,23,1
112,1459,34,1
615,3874,48,1
1582,5517,17,1
924,5027,10,0
1518,4529,18,1
1529,4706,44,1
475,4578,8,0
836,1996,26,0
1914,7466,3,1
271,4527,24,0
421,5461,3,0
1921,9191,38,1
707,741,2,0
1391,5446,35,1
1304,4829,17,1
1307,3727,9,1
40,6694,36,1
1983,8487,22,1
189,3375,31,1
1188,4150,34,1
994,4653,24,0
1560,5025,9,1
536,2404,46,1
1028,3443,43,1
1859,2156,2,1
290,2908,21,0
1977,7192,34,1
433,9516,27,0
471,7326,37,1
1205,986,7,1
1272,8684,22,1
628,9967,4,0
279,7820,14,0
877,2546,34,1
581,4005,23,0
863,6574,44,1
254,3691,42,1
181,2281,25,0
1854,5111,1,1
681,5130,48,1
825,454,15,0
1533,2731,32,1
1785,1621,14,1
700,2772,41,1
566,2437,21,0
1350,7068,47,1
1381,728,7,1
1849,7262,36,1
1674,2779,21,1
680,5366,40,1
391,4522,12,0
1639,9730,15,1
1958,7563,15,1
1109,9713,17,1
1341,1226,34,1
212,1880,44,1
1539,9823,35,1
384,9524,39,1
1715,6671,38,1
342,8684,14,0
1839,925,5,1
1988,7376,30,1
844,2495,4,0
1062,4245,15,1
1535,7159,39,1
420,5592,35,1
751,7211,45,1
1193,6892,10,1
1989,9655,2,1
1933,3651,44,1
1367,7811,24,1
1850,3728,28,1
306,1665,22,0
1566,3767,44,1
702,6559,32,1
869,4196,31,1
537,1119,19,0
1136,8028,21,1
1435,9576,3,1
1971,8354,6,1
206,6065,32,1
1209,2369,2,1
1406,8935,24,1
496,4821,45,1
1403,8508,27,1
1071,295,9,1
1910,3373,13,1
1764,5210,14,1
1575,7501,11,1
1552,3312,14,1
504,2855,16,0
1046,1621,10,1
213,5774,20,0
310,1180,16,0
661,5723,34,1
1992,821,16,1
753,1662,14,0
272,739,28,0
1595,4360,18,1
1823,5290,26,1
938,3836,38,1
1226,7846,7,1
32,189,45,1
443,1351,34,1
162,9394,47,1
767,4803,49,1
254,448,45,1
521,4152,7,0
977,3041,33,1
1675,8537,35,1
1504,371,39,1
10,2130,21,0
726,7936,49,1
505,9757,28,0
785,9487,32,1
1860,7141,44,1
1584,5275,16,1
436,9906,10,0
1135,1226,23,1
153,4479,48,1
1659,8808,15,1
917,9593,43,1
869,8152,6,0
1126,711,33,1
753,849,39,1
1857,1956,12,1
1215,8691,36,1
1753,1626,31,1
563,6329,10,0
1828,8611,34,1
1105,8627,41,1
489,2198,10,0
895,7965,11,0
1112,273,14,1
1218,9933,3,1
104,600,33,1
1807,3746,7,1
1120,6319,4,1
1447,2463,39,1
1915,7640,48,1
1222,1996,10,1
1025,5859,15,1
1007,1878,16,1
407,3157,38,1
1402,5290,4,1
167,7097,4,0
509,4847,36,1
1662,9386,27,1
313,145,22,0
1617,7858,22,1
1442,9737,17,1
763,7153,45,1
681,3301,34,1
477,555,32,1
73,9954,6,0
1165,3024,33,1
582,7898,8,0
262,1065,36,1
1364,5064,5,1
1332,1628,5,1
245,3076,47,1
1539,3171,10,1
1361,4969,40,1
1599,6487,7,1
561,2621,12,0
1100,6625,30,1
1904,1226,25,1
175,6732,28,0
109,5873,43,1
183,7816,13,0
192,3504,47,1
65,4592,49,1
1873,2443,22,1
963,206,18,0
1498,3254,27,1
1807,4153,8,1
1124,4901,6,1
1568,6239,11,1
864,5680,29,0
1152,314,41,1
1476,5500,5,1
1938,6975,7,1
369,4389,22,0
851,4353,47,1
43,8756,4,0
1908,6347,32,1
1443,6277,19,1
488,7369,45,1
78,2472,33,1
826,6934,1,0
1825,8883,46,1
1294,6717,41,1
674,5250,44,1
701,9175,41,1
759,8202,8,0
1924,4258,32,1
728,7827,30,0
1339,5306,46,1
925,403,28,0
1875,433,41,1
902,4606,32,1
889,2431,25,0
993,4661,34,1
1969,179,33,1
1192,3863,13,1
339,5296,25,0
193,832,42,1
1477,4076,40,1
283,5759,39,1
1360,1484,44,1
390,2224,49,1
1000,6752,44,1
525,5383,48,1
1264,7276,10,1
1856,9490,31,1
1982,6705,44,1
1507,5807,11,1
659,2392,25,0
716,8476,46,1
1616,1097,45,1
891,4764,34,1
1579,2457,20,1
1482,5591,7,1
1113,1779,33,1
1684,5815,35,1
1119,4986,29,1
452,7540,12,0
428,6921,5,0
1175,3627,12,1
1538,6913,29,1
1400,2845,35,1
1046,4190,20,1
883,6258,37,1
313,8661,1,0
840,7571,16,0
519,3843,30,0
1230,9995,9,1
1976,7108,42,1
375,3424,10,0
451,8732,13,0
1650,3357,48,1
1808,326,20,1
1015,2501,29,1
595,4818,4,0
1203,1124,46,1
1234,5772,49,1
500,7827,28,0
464,5380,37,1
1864,970,13,1
1148,3299,3,1
113,1845,37,1
1036,5370,48,1
1150,8735,19,1
1589,5986,28,1
331,5690,19,0
1925,7997,17,1
1307,8764,18,1
140,8371,18,0
1425,5258,23,1
902,8531,40,1
1121,689,9,1
517,9652,29,0
569,1984,42,1
1948,5499,29,1
846,8603,2,0
1093,1176,17,1
118,7335,45,1
888,6937,31,1
1083,133,28,1
1057,1941,43,1
1342,4581,48,1
50,8540,39,1
1904,1234,30,1
1513,7361,35,1
19,5398,48,1
726,7117,20,0
197,7871,16,0
1915,8667,34,1
1474,9015,14,1
559,2013,26,0
1703,4397,20,1
452,2042,42,1
289,4104,24,0
1165,1431,43,1
1108,7990,18,1
1718,4688,43,1
391,437,9,0
1615,7166,19,1
215,7913,20,0
1550,9083,42,1
215,3711,30,0
1427,3800,26,1
128,9808,31,1
1846,6218,35,1
1501,7205,3,1
760,2773,40,1
404,2222,29,0
1053,7182,6,1
1816,8350,1,1
338,2162,24,0
831,1354,38,1
714,3788,34,1
361,3848,7,0
569,6442,11,0
1416,4230,11,1
218,4357,36,1
1598,3129,20,1
1693,2946,16,1
202,8762,5,0
17,4135,24,0
322,2999,30,0
518,9738,30,0
1594,4543,39,1
1349,4889,48,1
1436,1012,47,1
1342,4342,37,1
681,7641,33,1
1989,1811,20,1
1106,8966,22,1
1498,1539,41,1
1492,5713,21,1
425,3730,37,1
1969,5475,27,1
1755,7203,38,1
1713,8977,35,1
1228,9418,38,1
1607,4316,40,1
1019,2566,6,1
387,7924,32,1
778,4224,16,0
98,1065,28,0
1369,7028,16,1
1827,6196,27,1
208,6257,3,0
1538,9211,49,1
1660,8220,21,1
1816,1608,38,1
586,9504,38,1
166,971,30,0
22,963,22,0
154,3155,19,0
1963,5233,31,1
1463,2782,20,1
1319,5378,47,1
219,5548,19,0
669,713,2,0
1519,1972,40,1
230,7823,39,1
20,7289,27,0
553,5486,8,0
950,7042,45,1
148,8859,27,0
1132,344,15,1
403,120,12,0
596,8685,47,1
1507,5867,14,1
367,3615,7,0
1858,2010,17,1
1438,8581,26,1
1333,5982,37,1
802,8652,20,0
918,8176,10,0
1859,1722,19,1
1158,4414,18,1
1743,2553,30,1
1307,2115,30,1
1802,2900,25,1
73,9123,24,0
481,8872,10,0
1376,6852,2,1
560,7553,38,1
1350,2953,32,1
745,2336,35,1
1467,4276,37,1
100,2255,7,0
1083,9636,7,1
508,5798,27,0
258,6929,10,0
413,8637,33,1
1476,1986,43,1
1089,6571,7,1
595,8846,6,0
1178,3870,6,1
266,8491,13,0
821,3040,48,1
1103,3590,13,1
1339,7999,2,1
662,406,19,0
947,3175,19,0
560,1756,38,1
917,7344,2,0
891,6711,26,0
1272,6422,6,1
1814,2792,20,1
868,1864,23,0
610,375,15,0
414,5371,6,0
25,7431,28,0
284,9693,35,1
1473,5125,11,1
881,4150,8,0
301,8180,49,1
1092,3560,24,1
1031,3935,21,1
817,4378,49,1
1161,1944,36,1
1188,171,7,1
83,7486,5,0
1921,6962,29,1
1674,7440,16,1
1444,9968,6,1
1097,9587,14,1
1261,7735,2,1
46,1143,25,0
618,3142,31,1
928,914,13,0
1824,5722,18,1
262,7432,17,0
176,409,45,1
1190,6761,28,1
657,4327,12,0
842,1977,35,1
370,2586,22,0
1819,6986,39,1
54,4935,1,0
690,894,37,1
1443,6886,21,1
1780,4114,1,1
1531,7492,4,1
1365,5453,32,1
1151,3507,1,1
1433,1074,13,1
1948,9339,46,1
367,4337,47,1
1295,7348,17,1
644,4469,12,0
1629,8150,7,1
379,564,3,0
73,5427,26,0
1947,5515,31,1
1946,8215,36,1
915,387,26,0
1272,3295,3,1
860,9167,44,1
1809,2092,28,1
43,7550,44,1
377,3025,17,0
1065,1220,38,1
170,5410,47,1
1970,546,30,1
212,6727,2,0
1517,2996,8,1
1704,821,14,1
39,2263,37,1
369,9643,35,1
757,4080,42,1
151,4602,39,1
1135,1825,11,1
1504,8985,15,1
1460,3513,2,1
1071,594,37,1
1024,1047,43,1
1599,122,32,1
737,1228,40,1
1390,657,13,1
69,9908,43,1
299,3830,17,0
944,5441,15,0
802,7098,33,1
296,7282,16,0
203,7134,13,0
61,1756,22,0
946,4273,23,0
963,5541,36,1
1854,9098,43,1
1338,3412,10,1
1185,8745,17,1
331,2424,30,0
1552,9739,13,1
338,5695,30,0
1630,6084,46,1
1328,2611,30,1
1527,462,7,1
1674,3554,10,1
1362,2898,35,1
1574,4720,2,1
639,3355,30,0
275,1317,19,0
1188,1585,39,1
1467,5449,37,1
319,7295,3,0
589,7850,25,0
504,6179,34,1
1710,9499,22,1
387,9740,38,1
1994,8135,14,1
870,1607,39,1
833,1103,2,0
1015,6503,32,1
1912,1025,43,1
603,8375,3,0
1774,6683,41,1
1800,4027,8,1
691,9834,26,0
494,1085,32,1
490,4331,11,0
721,5402,1,0
1097,5391,15,1
509,1008,4,0
390,5151,4,0
1643,2686,28,1
1881,9435,10,1
295,1431,11,0
1393,6951,23,1
1980,9845,47,1
796,1906,3,0
865,905,39,1
1718,4247,39,1
549,171,17,0
649,127,22,0
1874,8760,27,1
568,4083,16,0
1211,9055,16,1
853,7155,40,1
770,6790,3,0
445,9716,47,1
1594,3932,33,1
363,9967,42,1
123,659,2,0
1212,8057,39,1
742,3931,46,1
680,7444,48,1
420,5271,27,0
1650,178,15,1
1276,5029,7,1
1643,3747,45,1
1573,1131,42,1
1359,7481,9,1
92,2172,41,1
1554,7011,6,1
1890,6188,12,1
63,1584,30,0
1686,5938,20,1
512,1650,20,0
1163,5597,46,1
1722,4782,27,1
1209,1929,20,1
1229,3851,7,1
772,6181,40,1
1238,6701,40,1
256,4559,30,0
135,3956,8,0
1597,6282,2,1
875,6183,14,0
822,8070,10,0
88,2194,18,0
1860,6338,18,1
988,3132,16,0
1231,1648,5,1
1153,8659,31,1
823,164,37,1
1027,3399,20,1
974,4949,23,0
934,5739,32,1
1778,2135,42,1
121,5774,17,0
1409,2328,13,1
1638,5720,49,1
1062,696,13,1
1365,3706,17,1
1008,3989,15,1
925,3606,26,0
645,1495,44,1
714,9878,28,0
860,7629,42,1
21,8403,45,1
242,552,30,0
455,7436,43,1
963,2731,35,1
621,2286,22,0
303,6067,10,0
1620,6474,11,1
1619,5458,38,1
803,4448,33,1
964,1559,6,0
69,2042,37,1
1153,5522,7,1
196,5296,44,1
140,161,12,0
1468,1594,7,1
283,1280,2,0
312,6368,1,0
746,2888,23,0
1559,4736,25,1
1689,4821,18,1
277,5810,44,1
61,7802,7,0
1343,205,3,1
1914,9446,29,1
52,4187,10,0
1880,4025,43,1
153,2008,5,0
1773,2149,34,1
1335,9566,8,1
1838,9237,14,1
544,8272,40,1
567,4004,6,0
1888,3896,1,1
1413,392,33,1
1572,6366,40,1
622,6470,11,0
1201,4960,24,1
1386,3829,10,1
314,8062,44,1
807,5610,23,0
848,8719,16,0
97,6861,37,1
881,6210,16,0
1237,7055,44,1
829,206,31,1
137,4854,6,0
1030,5378,30,1
1011,6508,37,1
109,7735,1,0
547,1325,42,1
1063,4350,25,1
662,995,46,1
425,1720,21,0
630,5188,35,1
261,5519,38,1
1450,1485,5,1
87,2533,49,1
465,1401,12,0
76,6958,5,0
471,9050,9,0
1987,9038,44,1
414,8884,9,0
825,5744,35,1
895,5188,1,0
726,9360,47,1
457,5540,10,0
1309,7593,46,1
1263,6391,39,1
1701,3407,36,1
1623,8994,37,1
653,4808,48,1
672,204,35,1
1582,9789,17,1
1396,3933,13,1
495,495,6,0
1648,3617,37,1
1943,3391,48,1
1069,2110,32,1
1425,4637,11,1
1271,9960,17,1
1640,5068,5,1
597,4862,6,0
450,1151,10,0
485,2941,33,1
646,6718,30,0
620,4823,21,0
1042,7572,42,1
1630,8013,17,1
662,5624,27,0
758,3684,3,0
289,8639,29,0
1438,1363,2,1
721,4765,29,0
638,8114,49,1
235,1451,36,1
416,7080,34,1
938,7290,37,1
499,3927,42,1
974,8961,1,0
634,2746,26,0
1674,366,1,1
1020,9730,4,1
115,7534,39,1
932,1122,14,0
674,8047,46,1
1737,2137,18,1
1258,8856,34,1
1564,7878,1,1
1035,1159,22,1
206,1524,16,0
1703,4223,22,1
247,319,16,0
1583,505,28,1
758,9929,28,0
1151,2418,22,1
147,9966,6,0
118,9083,25,0
1935,5158,42,1
1406,1409,2,1
412,7721,7,0
1688,5029,17,1
1608,9622,35,1
363,8802,20,0
1533,8783,44,1
137,1717,2,0
1199,1620,7,1
1313,7992,32,1
958,1683,49,1
1505,6804,19,1
19,8088,12,0
195,6683,9,0
330,1675,27,0
1960,7035,14,1
175,6276,2,0
1002,9338,21,1
449,2713,4,0
1949,3992,21,1
946,8753,48,1
1378,6833,22,1
1523,4531,49,1
141,8212,2,0
758,1481,17,0
1921,9437,19,1
930,3615,40,1
93,4554,24,0
1968,7869,20,1
239,6589,38,1
205,8484,12,0
560,3634,25,0
1457,855,23,1
245,9976,34,1
832,2625,32,1
1341,927,24,1
925,9181,42,1
295,4848,25,0
640,2433,3,0
856,5046,25,0
1306,8402,28,1
17,8146,12,0
71,9084,26,0
1293,7281,48,1
1349,3514,44,1
1818,9601,8,1
305,6557,5,0
1475,6849,11,1
1031,396,42,1
1338,9921,35,1
817,668,27,0
1127,5383,41,1
821,7764,44,1
193,7611,38,1
1777,5565,19,1
1598,8363,48,1
529,4482,32,1
171,165,46,1
1561,979,28,1
251,8359,36,1
1789,9508,18,1
1411,7322,10,1
1231,5169,32,1
541,3339,18,0
1653,607,12,1
416,7804,8,0
794,1225,33,1
1404,985,46,1
1168,2941,38,1
25,8075,14,0
1846,6665,2,1
668,6183,9,0
1097,4970,44,1
632,2625,5,0
1848,9217,34,1
1857,4315,19,1
1117,2038,7,1
505,3332,39,1
1622,3844,42,1
336,6321,17,0
425,3565,26,0
499,540,46,1
1388,561,27,1
947,8903,43,1
630,5513,28,0
1769,5855,20,1
1223,5112,6,1
718,3263,8,0
1437,6852,32,1
339,105,19,0
659,4876,32,1
962,7138,19,0
1961,6514,24,1
429,5839,24,0
1807,4070,17,1
899,2706,18,0
139,198,12,0
1717,625,41,1
942,6437,23,0
542,1280,48,1
57,8167,18,0
1256,9981,16,1
658,9430,16,0
435,4591,36,1
384,6022,23,0
560,3171,22,0
194,5741,39,1
1760,7481,33,1
1672,2892,24,1
534,4878,20,0
518,114,33,1
716,2515,31,1
751,2785,40,1
185,9528,8,0
1896,8259,10,1
292,8026,1,0
1359,4200,21,1
732,6474,25,0
116,6104,32,1
825,5621,46,1
1073,9899,46,1
685,7255,10,0
82,3397,48,1
834,2733,9,0
333,3990,20,0
557,891,48,1
335,9291,20,0
532,251,40,1
1984,3163,7,1
221,6467,11,0
635,8004,21,0
1770,2191,38,1
1757,4699,47,1
323,7508,19,0
1875,3077,46,1
3,942,15,0
1718,3893,6,1
206,1759,10,0
1856,8889,46,1
40,5262,16,0
59,6546,45,1
951,4370,11,0
574,3703,35,1
644,6864,8,0
1531,1316,28,1
1596,2391,3,1
1908,3911,2,1
843,5093,14,0
1146,5242,29,1
1503,6962,47,1
619,9223,3,0
96,6633,1,0
1883,7626,15,1
1438,3078,20,1
1259,5447,22,1
898,8033,34,1
1086,4695,33,1
1280,6311,9,1
561,2270,3,0
905,8627,2,0
348,9468,4,0
671,3121,16,0
1148,9070,33,1
1506,7936,9,1
317,1285,40,1
1528,3385,38,1
719,3547,18,0
1072,4091,16,1
1433,9230,8,1
1956,4999,23,1
1160,2035,36,1
1225,8925,3,1
250,9545,15,0
314,9374,38,1
1893,1385,33,1
1392,8645,18,1
1453,7579,23,1
1854,5355,43,1
807,1985,3,0
1504,5162,30,1
1338,7166,45,1
1524,3122,17,1
1745,5365,32,1
1379,1647,46,1
485,4304,7,0
1235,7690,39,1
1728,1468,14,1
44,1857,15,0
1565,9809,44,1
571,5017,12,0
583,3584,8,0
1116,3152,16,1
1289,8482,41,1
895,1032,34,1
220,4337,46,1
1926,7340,24,1
925,3338,29,0
1466,665,16,1
401,5478,5,0
1424,5658,5,1
727,9426,30,0
991,843,5,0
899,8964,43,1
1813,8822,13,1
1600,5509,35,1
858,8853,49,1
804,5729,25,0
490,6418,14,0
1509,401,44,1
1781,3867,46,1
1494,4380,26,1
1598,7606,18,1
938,8801,20,0
844,7062,34,1
1706,5529,7,1
1469,7348,47,1
1293,3545,10,1
267,2303,15,0
54,2934,17,0
528,9086,11,0
1544,2579,34,1
616,9815,27,0
1083,4956,21,1
1849,534,31,1
1064,1806,4,1
1261,8360,41,1
955,5825,49,1
386,2004,17,0
1630,7118,49,1
734,4059,48,1
716,6925,20,0
650,6447,25,0
300,6256,40,1
395,2813,23,0
1231,6294,15,1
1360,6612,33,1
593,6967,19,0
1754,3827,15,1
514,3646,41,1
1202,2403,5,1
396,3781,16,0
371,7952,45,1
858,3321,48,1
791,4474,32,1
658,1182,22,0
1342,8737,43,1
736,1692,32,1
1393,5708,13,1
384,5626,38,1
62,5279,26,0
1830,6572,17,1
505,2875,5,0
239,1690,49,1
195,6104,33,1
678,7330,27,0
1987,2331,5,1
1246,5218,37,1
61,6554,7,0
1153,8060,48,1
990,1661,18,0
685,3746,31,1
156,7696,6,0
1941,7340,2,1
1402,5042,13,1
1646,3338,42,1
1805,1700,11,1
923,5800,26,0
868,6171,21,0
903,809,2,0
1814,3071,40,1
1610,893,20,1
999,3199,17,0
1461,6130,16,1
975,5865,42,1
1231,126,5,1
388,6793,14,0
1504,5422,24,1
1815,8376,4,1
887,6051,48,1
838,3201,24,0
1364,6709,47,1
1893,9414,9,1
340,5409,3,0
204,111,9,0
161,7870,18,0
1564,5513,36,1
392,5874,19,0
769,279,24,0
1701,896,4,1
575,7379,9,0
534,7288,33,1
1094,7412,1,1
893,2124,35,1
405,7766,10,0
608,3317,12,0
1699,6684,18,1
1615,9178,14,1
1541,5385,10,1
828,7470,10,0
1144,1619,18,1
1838,6711,24,1
690,6956,1,0
1712,2532,30,1
902,6557,15,0
1241,4966,8,1
56,5154,35,1
366,9208,18,0
1723,2170,41,1
1528,1881,16,1
1768,8630,21,1
1791,1616,15,1
1949,5591,5,1
455,9206,45,1
104,6049,7,0
77,3390,48,1
230,4670,7,0
1938,9738,27,1
1282,1479,25,1
1288,9775,22,1
331,7770,48,1
1206,900,13,1
893,9538,17,0
1792,5367,41,1
1574,3595,44,1
688,3357,13,0
27,6658,26,0
1300,1081,9,1
1676,2188,5,1
299,3052,39,1
957,9303,33,1
799,2226,4,0
1115,4912,28,1
480,8163,26,0
573,3961,4,0
458,6003,16,0
1475,2691,37,1
365,9765,22,0
859,9457,36,1
1699,3422,38,1
351,6537,35,1
1679,8901,25,1
1424,2961,8,1
253,1755,17,0
781,1855,18,0
1905,8337,12,1
803,9551,33,1
1012,6327,23,1
459,4738,12,0
1723,9743,11,1
917,2667,13,0
499,3223,35,1
950,5264,27,0
1995,7181,25,1
1950,5007,40,1
508,9780,3,0
1328,9865,49,1
501,5062,25,0
803,7250,45,1
598,1866,10,0
166,3649,17,0
1439,2409,3,1
462,9734,45,1
920,2076,22,0
114,7280,38,1
1457,2590,14,1
992,9017,27,0
1380,4481,42,1
1952,6087,20,1
1719,7525,48,1
207,3719,18,0
1792,6160,13,1
1259,8789,42,1
1466,4076,6,1
1379,804,10,1
515,5552,37,1
1232,6194,29,1
709,3781,6,0
1877,4238,39,1
1149,2016,11,1
138,9666,48,1
339,7601,25,0
537,1945,44,1
68,4754,44,1
1597,6513,30,1
1565,8211,20,1
383,8090,37,1
19,9728,16,0
683,3190,31,1
1474,1470,29,1
74,2028,6,0
573,1736,29,0
939,6280,32,1
1689,8383,9,1
1300,1943,37,1
1072,8476,23,1
211,9863,16,0
855,931,18,0
1944,5638,19,1
651,5415,44,1
1646,8555,2,1
994,5427,10,0
695,1386,12,0
540,1629,46,1
1733,6755,18,1
1215,1977,19,1
1339,5531,38,1
901,9489,37,1
1587,2578,27,1
1685,200,48,1
780,3187,14,0
1586,5928,45,1
1924,7525,34,1
1782,2391,2,1
1137,5567,44,1
170,8396,33,1
1492,793,19,1
1702,5886,27,1
1945,5506,48,1
1038,3591,30,1
1739,3492,7,1
288,2368,27,0
1931,5732,21,1
189,3883,7,0
914,9181,48,1
1179,6073,25,1
1591,6069,38,1
694,9081,18,0
1746,4748,33,1
888,5039,33,1
471,8950,32,1
1099,8124,25,1
277,7957,14,0
940,1118,38,1
1669,2053,38,1
1367,9482,4,1
1449,3757,44,1
571,4946,18,0
1535,2396,10,1
857,874,35,1
1001,2911,35,1
1206,9672,40,1
458,3282,23,0
918,7967,25,0
1875,4429,1,1
833,6267,18,0
1088,3197,15,1
839,1504,25,0
1284,5201,32,1
193,1469,20,0
1679,5597,17,1
616,6765,11,0
1996,2164,13,1
406,2865,25,0
1750,2917,20,1
1778,7891,25,1
943,816,42,1
721,4140,45,1
93,1811,49,1
430,9517,31,1
654,5467,1,0
1458,6361,16,1
1428,108,48,1
434,8889,28,0
1136,4218,21,1
1953,6186,30,1
375,6483,3,0
1083,9900,34,1
1067,3767,6,1
207,2346,43,1
780,3726,29,0
1320,2922,3,1
1142,8383,33,1
532,950,11,0
1246,1207,45,1
166,399,5,0
643,8202,32,1
1180,9769,47,1
1208,5500,18,1
90,1182,47,1
1118,8267,20,1
13,9657,39,1
973,2900,49,1
1858,4051,40,1
805,9067,28,0
945,6868,13,0
742,1552,26,0
1858,1781,16,1
1828,2403,25,1
1462,7257,10,1
1562,1951,29,1
1611,1997,46,1
1992,5925,38,1
876,9619,20,0
1960,8906,26,1
1835,344,32,1
1174,9048,39,1
660,9115,38,1
1032,3907,49,1
1053,2879,24,1
296,1946,31,1
986,7121,40,1
926,9532,12,0
1745,573,36,1
640,4231,10,0
340,1892,6,0
628,1834,7,0
439,7315,31,1
1168,7329,27,1
942,5288,8,0
830,5381,3,0
1771,5958,40,1
519,1044,47,1
976,1611,21,0
1069,4181,1,1
955,6218,45,1
1263,958,15,1
952,3660,7,0
944,8521,15,0
155,8469,25,0
1205,2715,3,1
1239,1713,30,1
88,2940,14,0
1280,1874,4,1
1535,3971,36,1
1097,8373,3,1
931,945,5,0
179,9508,25,0
212,3360,31,1
1829,3245,11,1
1258,7902,8,1
465,2363,26,0
1775,8736,2,1
1247,8255,28,1
631,1022,48,1
825,6795,10,0
1288,4388,39,1
1231,5858,37,1
607,8231,39,1
885,2730,21,0
1758,7916,28,1
366,9459,38,1
276,7656,33,1
380,6030,11,0
1767,7100,45,1
1333,3612,44,1
1655,6166,1,1
1292,9187,47,1
945,3822,33,1
1809,5748,3,1
1088,2160,26,1
810,3134,15,0
1374,2487,41,1
925,7108,14,0
1939,8131,23,1
494,1899,8,0
1547,4507,36,1
1122,2880,20,1
1970,1227,6,1
1095,8630,33,1
364,7465,28,0
570,7711,38,1
1826,7635,30,1
763,9464,46,1
276,2908,43,1
50,4397,17,0
1382,4659,9,1
728,548,28,0
906,5108,7,0
928,4993,46,1
564,893,28,0
783,536,17,0
485,6112,40,1
1108,5969,48,1
1923,1720,44,1
1829,4408,44,1
1662,1048,5,1
1832,4044,5,1
584,9419,14,0
1320,291,6,1
236,1503,7,0
56,2090,17,0
1943,1204,9,1
360,648,31,1
1931,5861,22,1
110,8862,45,1
192,8003,9,0
904,1884,16,0
1117,904,36,1
862,9090,34,1
568,8902,45,1
1084,7617,13,1
650,6931,19,0
39,7017,12,0
1564,4338,36,1
1073,3360,10,1
1444,4467,16,1
637,5751,28,0
1037,3471,19,1
36,2193,40,1
101,4101,6,0
1818,6656,4,1
1110,7910,30,1
1540,4654,39,1
1247,9724,31,1
1362,2617,46,1
1984,8797,27,1
166,5905,45,1
383,1196,21,0
1880,9336,37,1
1919,7161,9,1
1400,2304,35,1
1495,4002,42,1
790,1452,47,1
1666,1696,21,1
31,8867,17,0
1399,7080,24,1
11,779,31,1
1326,3812,6,1
96,9421,35,1
1214,8609,37,1
453,5401,13,0
192,5834,25,0
486,8081,32,1
1290,5992,1,1
1448,3796,49,1
1152,7229,35,1
238,3096,19,0
1944,7337,12,1
1379,7427,40,1
1964,7507,40,1
1136,2642,47,1
1852,778,43,1
1470,5466,20,1
1367,5743,33,1
1169,7510,29,1
1089,9935,16,1
1271,5641,14,1
735,934,7,0
991,9960,6,0
1514,6126,21,1
825,8572,36,1
1463,8070,22,1
106,6918,40,1
181,5128,19,0
184,4803,25,0
226,9538,3,0
777,1872,36,1
790,2264,45,1
1933,7211,34,1
1113,8483,11,1
688,2935,48,1
530,2765,42,1
1395,6213,47,1
972,2663,27,0
936,8598,42,1
1937,8231,2,1
1423,8823,6,1
106,2796,46,1
1295,4787,2,1
1999,7421,42,1
831,7113,17,0
1527,7804,40,1
679,5671,48,1
1549,7436,14,1
849,158,10,0
1056,9865,45,1
393,1240,33,1
40,2662,42,1
660,2952,12,0
1242,6741,32,1
1755,1041,49,1
981,6641,24,0
1106,7530,14,1
845,1521,5,0
1744,5865,5,1
201,535,47,1
447,939,32,1
1868,4101,45,1
1452,5348,49,1
1062,5059,33,1
1235,1750,46,1
444,5928,4,0
1351,9537,30,1
761,2361,41,1
227,9207,17,0
48,5994,3,0
1042,6378,13,1
912,3989,44,1
1463,6997,48,1
1831,1426,36,1
1732,6001,18,1
187,3458,23,0
345,1685,35,1
224,5745,49,1
830,488,33,1
488,2891,36,1
1933,3432,17,1
877,803,39,1
849,5934,34,1
1253,2920,12,1
1414,8153,5,1
979,5059,48,1
1613,1159,40,1
1017,9590,27,1
188,1401,40,1
1882,8965,13,1
270,7796,26,0
1631,4399,14,1
310,6171,32,1
1156,4212,11,1
1575,7981,38,1
1096,9308,16,1
1817,8501,22,1
845,598,47,1
1696,8720,16,1
1211,7345,13,1
486,2205,12,0
1215,9845,18,1
1446,5427,29,1
120,5730,18,0
220,3306,46,1
53,7237,2,0
1758,2669,2,1
1475,2728,3,1
1436,6864,29,1
1667,1167,8,1
1261,1606,11,1
758,3113,12,0
738,9959,32,1
720,6742,4,0
406,4166,9,0
608,1047,24,0
1021,4489,49,1
422,8243,16,0
712,1271,17,0
247,6214,47,1
72,271,22,0
1854,5782,7,1
185,9435,10,0
6,5956,29,0
1230,6309,36,1
1568,3677,24,1
1635,8480,46,1
906,4176,14,0
387,257,14,0
1792,7877,25,1
699,2817,46,1
1100,8537,22,1
1201,2895,47,1
827,7300,23,0
1823,7628,32,1
349,2477,26,0
1279,9141,27,1
1861,1910,45,1
1726,5290,12,1
308,5532,19,0
1369,7995,19,1
1151,2226,34,1
1961,7053,32,1
287,3130,29,0
766,6423,21,0
725,5847,35,1
762,5705,42,1
1620,5991,5,1
1511,3176,12,1
383,2444,7,0
1430,719,41,1
388,2507,2,0
525,6360,25,0
1581,3104,10,1
639,4014,38,1
938,3696,44,1
1650,9969,6,1
1969,4139,27,1
276,1404,35,1
500,5730,10,0
717,7382,9,0
337,3407,20,0
1974,1461,37,1
932,6765,35,1
481,4394,37,1
1921,1887,40,1
911,1173,8,0
1997,9457,46,1
1297,6002,31,1
1944,3699,49,1
1082,3155,43,1
1352,6576,16,1
1755,759,28,1
109,6420,6,0
1303,6613,32,1
1710,4742,28,1
328,9421,11,0
1800,6473,42,1
315,4566,23,0
1498,9760,30,1
1135,5687,9,1
699,2571,28,0
781,9443,24,0
1959,6275,28,1
1253,8384,24,1
1521,1381,15,1
156,3277,39,1
1497,5767,33,1
1725,4611,47,1
1296,3981,34,1
887,2513,22,0
1026,1644,29,1
758,4884,34,1
722,5861,42,1
1535,7974,47,1
913,7061,10,0
1310,5726,45,1
871,4614,30,0
13,1245,11,0
608,9202,34,1
498,5550,21,0
1757,1666,13,1
238,3105,25,0
1118,4607,21,1
1362,4348,1,1
781,8383,5,0
1195,4092,22,1
606,8622,7,0
661,8127,13,0
1648,5860,45,1
1591,9246,23,1
849,8145,21,0
936,3077,6,0
1491,5447,20,1
628,4389,12,0
143,629,40,1
1225,2992,9,1
1204,9558,28,1
714,7543,11,0
1388,9765,32,1
479,4834,11,0
565,9889,24,0
471,2625,15,0
384,3861,41,1
1716,6241,35,1
926,2842,17,0
417,4735,25,0
1849,4525,49,1
308,8761,35,1
649,3930,19,0
1718,7092,41,1
1391,633,31,1
1025,4662,17,1
1068,7220,23,1
739,6663,47,1
1867,7389,1,1
1122,4187,10,1
1744,9053,8,1
1289,9182,42,1
1824,2455,26,1
1807,2055,34,1
140,3071,19,0
1505,5639,14,1
1261,7593,8,1
974,1772,1,0
1017,2936,48,1
953,5027,25,0
904,5039,24,0
72,3744,47,1
1691,2397,20,1
1214,4161,30,1
1292,3266,5,1
1345,9611,3,1
107,283,32,1
1256,9575,17,1
1066,2946,42,1
1726,9724,5,1
883,4822,11,0
139,882,38,1
615,1607,4,0
1707,5955,39,1
863,7638,19,0
273,776,39,1
1505,7350,46,1
416,7913,49,1
506,4190,23,0
733,5823,17,0
1749,9652,13,1
1877,2786,27,1
424,8482,1,0
1431,9134,2,1
1592,8626,18,1
390,7789,36,1
342,1210,45,1
946,678,33,1
614,161,36,1
1957,486,2,1
493,9461,4,0
192,2300,16,0
499,1783,4,0
822,6421,9,0
1736,8156,49,1
1257,8778,21,1
1969,7514,23,1
227,6743,2,0
1395,8832,3,1
139,5731,23,0
856,8045,26,0
817,7826,47,1
1173,5269,7,1
1139,9530,36,1
1474,9282,44,1
1087,6887,33,1
104,4567,49,1
1875,5332,36,1
871,8230,4,0
668,6296,23,0
273,4007,25,0
1030,4388,41,1
1171,6834,26,1
184,1180,28,0
1052,6340,28,1
1986,297,21,1
1574,7914,10,1
1143,7951,27,1
293,9890,15,0
1395,1700,17,1
1268,7562,39,1
1604,6966,35,1
1750,3792,5,1
1242,8975,16,1
177,3183,23,0
1323,4089,39,1
1700,432,48,1
58,6206,9,0
1293,7433,33,1
308,6755,35,1
1594,5408,40,1
1312,4300,24,1
977,2821,24,0
1129,9098,24,1
1252,1164,19,1
1271,9180,39,1
700,6920,25,0
1518,8612,31,1
83,4057,38,1
1210,2482,25,1
252,3331,27,0
1379,7108,32,1
1774,1600,11,1
1896,1668,5,1
1720,5992,44,1
796,3381,33,1
897,9811,19,0
1962,4189,43,1
210,1965,47,1
816,9697,16,0
1832,5700,35,1
609,6155,11,0
447,104,11,0
460,8059,10,0
968,1268,34,1
472,2498,5,0
1744,2730,23,1
370,6708,25,0
900,447,29,0
1958,5961,40,1
1516,3442,13,1
923,6600,47,1
137,2674,32,1
367,3925,34,1
912,4693,12,0
184,5372,24,0
1612,8344,40,1
1311,248,21,1
472,8794,29,0
1399,969,23,1
654,3621,33,1
749,3971,8,0
537,1400,42,1
1535,7695,13,1
802,4933,5,0
1603,6770,41,1
1274,2551,10,1
920,4485,14,0
510,8630,24,0
630,2924,11,0
1002,6954,46,1
1097,9985,3,1
1306,6064,29,1
916,1086,48,1
1984,8271,30,1
1384,3590,49,1
1034,8176,37,1
1235,3867,7,1
1859,2106,17,1
152,8025,20,0
1029,3207,11,1
1219,4568,44,1
1978,3430,25,1
1307,8822,24,1
464,1023,2,0
1137,6347,27,1
271,8532,19,0
1187,1996,29,1
460,7983,37,1
105,3424,11,0
1717,913,19,1
1580,4850,28,1
1306,7718,39,1
1711,882,21,1
162,4155,26,0
351,7889,22,0
434,8299,6,0
852,3239,11,0
140,5107,14,0
1495,4151,36,1
1156,7675,40,1
87,8809,41,1
1712,3290,2,1
183,5737,43,1
368,678,20,0
129,8238,22,0
1270,4582,39,1
1625,1965,4,1
1602,5589,29,1
670,1476,46,1
1923,9197,24,1
1402,5508,1,1
149,8263,24,0
985,5158,30,0
852,9256,12,0
1457,6383,19,1
628,2076,37,1
1750,6543,40,1
1493,4859,43,1
446,7695,4,0
1505,5020,15,1
884,1987,20,0
294,1091,44,1
1789,5328,20,1
1167,8146,21,1
250,6550,10,0
878,3704,30,0
948,1183,24,0
975,8726,48,1
1326,120,40,1
1049,9764,40,1
789,1199,38,1
984,6941,3,0
889,2737,29,0
890,8681,8,0
1925,7844,29,1
70,3513,10,0
625,7557,5,0
875,1454,11,0
1136,6502,4,1
1388,4621,49,1
1327,5225,35,1
471,105,40,1
1988,8482,12,1
91,8439,21,0
530,4453,16,0
661,3650,14,0
739,8131,21,0
726,4205,48,1
872,9402,27,0
1687,5183,36,1
192,8916,1,0
1987,2275,1,1
1576,9370,22,1
1266,8837,15,1
138,5324,20,0
345,1295,3,0
1204,2169,14,1
1009,3458,9,1
1736,2538,19,1
503,8908,40,1
203,4344,34,1
573,3443,4,0
192,1911,33,1
5,271,43,1
1914,4242,37,1
1261,725,2,1
1717,6006,27,1
311,8083,45,1
549,4163,17,0
56,8744,49,1
443,9710,31,1
1261,8242,41,1
870,853,6,0
1885,6951,31,1
1221,5204,3,1
585,7443,40,1
1595,7026,3,1
752,6927,33,1
1538,9517,13,1
1473,8459,21,1
360,3785,37,1
1724,8377,16,1
819,9969,21,0
30,2082,48,1
1803,5044,44,1
108,7992,13,0
844,9778,4,0
1959,8291,31,1
1626,8733,9,1
717,8562,48,1
891,443,33,1
1992,9498,37,1
1983,3181,37,1
960,6737,24,0
1469,9549,25,1
893,2391,41,1
1462,1632,29,1
732,4462,40,1
1914,1753,47,1
606,5088,36,1
457,6444,15,0
615,8530,45,1
1759,9206,18,1
698,1538,20,0
1720,3116,5,1
1519,9752,18,1
674,8266,40,1
1271,6489,1,1
543,6077,19,0
1588,3179,23,1
857,6395,26,0
1612,2358,49,1
897,8658,29,0
1463,3091,34,1
278,3841,19,0
552,185,48,1
1637,2593,18,1
111,6547,2,0
385,8423,27,0
1857,7688,6,1
761,1003,39,1
1215,5183,6,1
1514,9513,6,1
694,6290,31,1
1450,2904,41,1
405,1326,40,1
1359,1384,30,1
1233,789,21,1
22,5243,41,1
678,4882,44,1
611,4981,18,0
1232,4607,23,1
8,2096,38,1
702,4481,23,0
1711,7780,28,1
1809,9401,36,1
529,529,25,0
602,5800,7,0
1677,3881,18,1
657,8894,20,0
166,8731,5,0
849,9276,18,0
496,5568,42,1
590,4607,40,1
429,627,33,1
774,3096,15,0
163,3567,35,1
366,1461,47,1
1550,6917,46,1
1263,803,1,1
72,762,21,0
1469,8656,8,1
655,9214,7,0
1846,6356,41,1
1533,8467,44,1
1819,5397,40,1
269,9227,40,1
1777,8673,30,1
415,5478,38,1
1269,405,35,1
1016,5597,2,1
675,4797,46,1
1084,2490,8,1
6,7322,38,1
1733,8033,4,1
982,1565,37,1
570,7952,21,0
1841,502,13,1
407,7040,9,0
1241,2770,45,1
1954,8195,29,1
26,8468,41,1
1839,4644,24,1
1029,9034,16,1
986,5760,12,0
1556,6174,2,1
390,2448,19,0
710,6950,30,0
571,4502,16,0
1472,850,24,1
754,9160,13,0
146,4162,5,0
1412,7534,23,1
785,8505,38,1
1273,1717,31,1
526,2630,17,0
1486,3433,49,1
13,7334,49,1
903,9889,3,0
384,5868,26,0
556,7807,13,0
887,611,44,1
1423,5182,38,1
19,6960,22,0
575,352,21,0
1515,4233,29,1
751,8920,45,1
1004,3576,46,1
419,9278,39,1
1361,1825,5,1
419,2193,14,0
1939,1801,18,1
1940,8596,4,1
1636,5934,33,1
1699,4440,39,1
1952,2907,20,1
122,6401,13,0
432,7672,36,1
44,1124,45,1
1896,3075,4,1
1944,8798,35,1
1341,4956,8,1
381,6824,40,1
145,9345,49,1
1351,2667,47,1
363,4687,36,1
1074,5022,6,1
1089,5146,22,1
355,2994,6,0
800,7303,42,1
1188,7578,36,1
1165,5374,9,1
1990,9392,16,1
826,9928,39,1
1152,9747,46,1
398,3713,38,1
1957,138,33,1
880,3184,18,0
463,6365,12,0
1775,6698,27,1
1860,2515,47,1
808,858,1,0
187,4442,15,0
1744,7166,47,1
732,3216,27,0
1936,864,16,1
1214,9606,21,1
1412,4129,1,1
429,6545,29,0
858,7543,3,0
1308,1417,12,1
1888,800,28,1
237,7627,39,1
1218,4483,37,1
1311,1693,31,1
771,4245,31,1
758,9522,33,1
136,6807,33,1
792,7097,47,1
1807,7126,40,1
171,2712,11,0
159,7499,46,1
201,2008,29,0
1511,7054,25,1
1581,1890,13,1
962,8268,44,1
1800,3028,19,1
583,9380,36,1
1528,7781,28,1
876,5351,4,0
371,4227,3,0
103,5063,38,1
1002,5411,37,1
1149,9457,43,1
1337,8892,25,1
976,2125,41,1
798,9876,35,1
1482,7915,29,1
1254,1087,41,1
658,5410,29,0
882,2065,12,0
1221,7416,35,1
1909,9731,20,1
733,968,17,0
423,2163,12,0
572,1229,36,1
1634,4478,10,1
171,5254,18,0
1406,6356,30,1
173,6551,8,0
663,2034,41,1
453,1176,13,0
350,5300,31,1
1926,1739,6,1
1976,9684,7,1
1658,6485,21,1
494,8322,38,1
620,8096,43,1
1028,803,49,1
1117,9160,28,1
919,5580,44,1
6,8524,21,0
288,7877,21,0
1642,5462,24,1
1170,1050,27,1
1807,8350,27,1
1448,2918,13,1
1914,3700,29,1
608,8593,39,1
457,7945,28,0
1765,3044,37,1
1226,6355,29,1
1236,7680,48,1
1030,8608,22,1
624,5364,36,1
376,7618,30,0
1915,8222,28,1
447,1278,23,0
835,3955,33,1
1130,8623,4,1
1675,6137,3,1
811,627,32,1
1425,2159,4,1
1120,9390,1,1
1412,311,12,1
959,1814,13,0
1476,2788,34,1
849,3366,29,0
809,5249,9,0
979,9324,31,1
1925,1432,7,1
416,6920,13,0
726,5991,2,0
1528,4786,33,1
454,4191,7,0
1315,543,18,1
1558,9790,8,1
1217,1026,12,1
150,6346,43,1
1904,722,30,1
759,9771,9,0
779,3137,28,0
973,333,4,0
763,9909,39,1
1002,2791,17,1
1539,7502,11,1
1417,486,2,1
1340,1734,23,1
76,8210,22,0
599,4233,26,0
1294,9476,12,1
225,5681,32,1
1554,2067,9,1
113,5668,43,1
251,7384,5,0
1257,8532,26,1
841,5245,7,0
1815,5867,29,1
714,8853,33,1
1107,2099,24,1
125,5001,25,0
1199,2879,31,1
1093,9967,29,1
1071,6292,5,1
884,1777,38,1
1280,9943,45,1
1751,4277,11,1
30,7311,32,1
281,7973,8,0
924,3941,20,0
1261,7198,34,1
1272,6516,47,1
368,4985,42,1
495,694,8,0
1049,2712,2,1
1610,6459,21,1
718,1596,15,0
1514,3655,6,1
1017,4961,5,1
1518,4866,3,1
1338,3458,43,1
606,9893,43,1
375,1014,16,0
639,1944,35,1
1961,2095,9,1
1049,7725,35,1
1358,194,19,1
1379,8784,43,1
116,3169,46,1
48,249,34,1
1762,1146,39,1
1802,2903,10,1
99,5434,10,0
1483,8690,20,1
1547,4576,1,1
1621,7376,6,1
405,651,46,1
1238,8586,2,1
685,1243,38,1
903,555,33,1
503,9845,3,0
1745,8460,36,1
1472,2046,13,1
894,6215,35,1
1600,7410,15,1
258,6280,45,1
844,5917,22,0
121,5480,43,1
810,6474,4,0
978,8545,17,0
54,8170,5,0
1019,1420,21,1
1355,7223,24,1
784,6253,31,1
241,6689,40,1
1779,3707,30,1
1554,500,42,1
483,6142,7,0
1013,462,49,1
187,3951,7,0
1882,3512,27,1
656,184,24,0
262,1924,19,0
953,8599,41,1
1388,8922,34,1
491,4875,22,0
431,7968,27,0
239,7719,6,0
304,7518,10,0
298,2471,45,1
76,7168,31,1
1724,3400,25,1
1357,5921,2,1
1924,7903,10,1
999,7564,10,0
1782,826,26,1
642,7221,5,0
1498,9940,22,1
827,4412,4,0
1947,8100,34,1
283,9561,7,0
591,4643,17,0
72,8114,11,0
1287,418,8,1
703,3575,28,0
1903,5253,44,1
1911,4234,33,1
1966,1702,25,1
575,2356,21,0
1000,9121,12,0
892,9147,26,0
12,7419,29,0
141,7632,38,1
1790,7466,35,1
1579,2748,37,1
17,7003,46,1
1087,1958,44,1
253,1202,45,1
465,2581,45,1
376,1920,29,0
1828,3258,49,1
981,3784,24,0
520,7511,15,0
1861,9547,6,1
90,3751,32,1
720,7807,44,1
804,8561,34,1
796,8207,36,1
630,6981,20,0
1885,6320,12,1
1199,4930,35,1
76,5079,49,1
1637,7434,38,1
926,3875,17,0
1687,9404,27,1
400,748,17,0
1806,9471,11,1
970,116,39,1
1095,8408,2,1
1204,6576,2,1
1148,6042,29,1
1405,1645,45,1
1317,2793,24,1
797,7699,24,0
195,4189,16,0
1935,6359,31,1
228,5158,49,1
1455,9568,43,1
1966,3340,9,1
1460,5042,27,1
1811,3888,41,1
461,7053,14,0
618,471,45,1
1045,7120,25,1
64,7220,43,1
165,5802,44,1
27,8447,22,0
1335,2761,35,1
1012,7280,33,1
285,6751,27,0
1684,8756,40,1
281,4978,26,0
838,4415,19,0
831,6258,45,1
1188,8408,39,1
1922,6574,45,1
918,1474,26,0
224,7493,6,0
784,4503,3,0
1170,3646,6,1
965,4077,28,0
950,9488,3,0
1892,3511,13,1
1054,9088,13,1
45,3992,13,0
1811,7424,1,1
471,8442,40,1
34,3349,37,1
653,211,31,1
1451,782,17,1
830,1261,9,0
1910,7500,45,1
221,2479,13,0
1892,5526,37,1
534,8452,14,0
692,1525,11,0
1972,3761,25,1
1391,8569,31,1
932,9848,14,0
841,7140,7,0
1767,4692,24,1
1011,7630,49,1
1939,3207,36,1
1574,402,42,1
582,4633,42,1
1140,2873,47,1
239,7299,44,1
1359,4381,41,1
441,4868,3,0
148,1100,47,1
1033,1818,44,1
1312,7269,26,1
388,7461,47,1
1074,3930,26,1
1874,7254,1,1
1541,5120,15,1
916,2982,11,0
1879,1098,37,1
638,384,7,0
1611,8712,12,1
1701,2260,38,1
278,3165,3,0
1978,1594,42,1
1860,4723,26,1
989,2643,30,0
1324,4900,32,1
1826,9013,36,1
589,1501,45,1
1834,545,37,1
649,4622,18,0
618,3867,1,0
1631,2651,21,1
135,5746,28,0
580,3988,48,1
1171,4916,16,1
490,2831,48,1
478,7799,28,0
1183,2729,22,1
384,7787,19,0
163,1157,48,1
441,6934,1,0
1877,9049,31,1
1213,1895,42,1
415,9935,34,1
1363,4949,46,1
1631,8315,40,1
1205,9531,6,1
288,4250,28,0
1858,9596,3,1
187,7047,31,1
1908,6570,16,1
1162,7279,17,1
130,3812,44,1
194,5558,27,0
316,5415,24,0
1809,5481,20,1
1888,9597,32,1
144,3274,35,1
16,6487,13,0
1326,9073,48,1
423,6867,43,1
245,666,20,0
927,4722,48,1
1131,4232,2,1
1112,8930,4,1
129,7095,27,0
907,4267,25,0
887,2770,4,0
341,9464,32,1
4,8396,17,0
1351,1782,1,1
1434,9154,33,1
1903,8590,30,1
306,870,5,0
908,9754,12,0
607,3954,38,1
1745,3218,32,1
1249,2232,38,1
1995,7325,17,1
1372,1090,45,1
992,810,40,1
321,4404,32,1
559,5467,24,0
1205,138,12,1
618,1375,47,1
711,7169,31,1
1410,4957,19,1
1642,1536,29,1
1816,9761,21,1
1796,2199,26,1
1132,8665,28,1
531,7793,17,0
410,4351,9,0
1995,4125,21,1
1320,9405,34,1
818,6312,11,0
1195,3334,20,1
1355,9557,49,1
493,7762,47,1
1219,7650,39,1
12,3223,16,0
195,753,29,0
490,4258,1,0
795,8800,18,0
881,9979,22,0
182,5643,8,0
962,9680,7,0
1841,2297,25,1
656,4011,30,0
1922,5335,34,1
1340,4899,44,1
694,8807,48,1
30,5460,41,1
1620,8321,11,1
1702,425,15,1
1820,3866,35,1
1817,4211,23,1
1120,8402,45,1
1405,7115,21,1
778,6956,28,0
444,206,13,0
298,2526,34,1
808,4478,38,1
1761,4464,6,1
845,2631,44,1
1016,6910,4,1
1385,5416,5,1
1398,5462,40,1
554,4793,6,0
303,9090,21,0
421,5368,28,0
1270,2111,3,1
1744,525,23,1
1261,3144,8,1
1558,6329,19,1
185,1339,11,0
468,6666,10,0
754,3491,28,0
363,4313,20,0
1307,4097,44,1
1577,3106,28,1
336,7125,29,0
162,3139,8,0
1184,6658,19,1
1498,8890,48,1
1625,1284,21,1
1346,2684,18,1
12,8202,9,0
1448,7216,4,1
1097,4483,41,1
588,4036,25,0
1882,1799,34,1
201,4607,9,0
522,235,9,0
1888,2125,18,1
505,3635,11,0
1762,4954,13,1
1712,5467,38,1
788,2990,9,0
1063,2857,16,1
60,3873,4,0
578,8672,34,1
321,6752,7,0
1459,1628,15,1
1660,4671,38,1
1700,5149,11,1
1432,948,32,1
923,4227,27,0
1410,7451,30,1
1695,5966,17,1
569,5969,36,1
1102,2221,19,1
1218,4781,7,1
1309,572,43,1
527,1887,45,1
524,213,21,0
613,9628,28,0
1180,6573,3,1
1364,8630,14,1
125,2385,2,0
871,1296,29,0
280,178,18,0
917,4659,37,1
1930,6117,45,1
622,2752,45,1
846,4418,24,0
1893,5485,46,1
1682,9548,12,1
1752,7154,45,1
1934,927,32,1
674,5023,18,0
1152,3485,13,1
314,6156,4,0
332,2065,23,0
1174,2527,10,1
1478,2941,5,1
36,8905,40,1
1709,8854,14,1
1444,6663,34,1
1046,5940,28,1
206,7910,8,0
639,6164,16,0
848,7244,31,1
1981,4452,7,1
1380,284,3,1
440,5909,29,0
729,4165,36,1
1120,7281,39,1
1953,8537,4,1
941,7604,9,0
164,7526,17,0
148,9157,49,1
1554,2187,20,1
294,700,14,0
195,7904,46,1
663,5637,29,0
480,3133,13,0
1901,2156,36,1
123,8824,45,1
1424,5184,17,1
699,2142,47,1
965,8060,43,1
1476,457,4,1
661,477,20,0
1128,4588,11,1
1779,4897,42,1
1486,3407,22,1
1767,2696,45,1
1742,883,8,1
710,6024,28,0
396,2479,45,1
912,7931,41,1
1361,9274,30,1
1005,9334,33,1
1623,5367,33,1
1166,7738,47,1
317,2638,36,1
1735,961,27,1
1582,1976,20,1
1824,3626,33,1
1551,9977,25,1
1580,1722,44,1
1425,5618,43,1
681,2757,19,0
1334,2032,47,1
495,8799,21,0
556,3578,42,1
610,2756,33,1
1797,9413,3,1
109,389,14,0
1819,7111,15,1
372,5958,33,1
855,7423,42,1
616,2929,22,0
768,6062,1,0
1915,4912,31,1
206,7364,47,1
847,9692,35,1
43,8858,20,0
865,1573,32,1
1269,2087,12,1
1311,7773,16,1
1379,3360,8,1
785,7590,14,0
476,6839,18,0
83,3351,30,0
1134,6005,33,1
1974,5400,34,1
190,5154,44,1
800,1816,49,1
936,9304,34,1
1933,1410,49,1
251,717,7,0
1748,4357,6,1
291,6199,6,0
1669,568,22,1
1225,6005,8,1
1821,1239,37,1
326,9728,15,0
1535,8828,26,1
1433,1051,39,1
1631,8112,3,1
1814,3106,10,1
1986,6175,3,1
1965,7990,30,1
837,6052,46,1
508,7177,22,0
731,9142,3,0
1625,2071,1,1
72,1291,33,1
1271,4020,19,1
641,7865,36,1
1748,6293,34,1
940,3146,31,1
1879,404,43,1
608,6439,24,0
1611,8143,12,1
1959,5008,13,1
566,2904,16,0
1368,4036,16,1
1995,812,20,1
1949,6948,41,1
54,9973,48,1
1754,9625,27,1
528,8466,39,1
611,3305,13,0
1556,5285,4,1
1582,9708,32,1
1987,6606,45,1
193,1872,40,1
1919,1174,34,1
58,5547,39,1
1461,8883,43,1
1135,5364,17,1
129,7422,24,0
1873,6751,29,1
706,2510,46,1
1949,9139,28,1
852,6541,45,1
1350,8785,47,1
8,8837,22,0
29,9832,28,0
1136,9175,25,1
947,4056,41,1
1697,6653,3,1
131,6969,13,0
188,7631,31,1
1699,3194,13,1
709,2465,41,1
1499,6768,18,1
1388,5100,37,1
1228,8020,43,1
212,3447,34,1
1645,3775,17,1
276,1052,21,0
1097,3400,36,1
1703,3279,40,1
1796,3347,19,1
243,4515,12,0
1811,3457,28,1
1126,6572,11,1
987,6096,48,1
685,4948,37,1
171,5575,28,0
653,1137,35,1
1933,8362,44,1
188,7108,15,0
1465,6031,16,1
1110,5742,45,1
1500,205,7,1
52,869,47,1
111,3040,3,0
1973,7999,31,1
877,6714,12,0
1878,5905,8,1
1067,4455,25,1
211,1033,44,1
1992,8866,35,1
1224,5760,12,1
1834,6006,21,1
858,6150,26,0
1776,8361,2,1
627,4574,14,0
1050,9594,46,1
1943,354,4,1
299,9999,17,0
1101,7187,47,1
924,4887,48,1
137,7962,5,0
1044,9125,24,1
440,6456,49,1
211,3842,7,0
752,2135,23,0
1575,2067,47,1
435,8391,17,0
780,1952,12,0
1231,3283,11,1
439,6718,11,0
1998,8403,34,1
1803,282,47,1
666,6840,37,1
1066,264,29,1
411,7058,48,1
1547,2237,36,1
806,554,27,0
610,2385,42,1
427,7946,22,0
1299,4922,2,1
1472,641,47,1
902,6133,36,1
942,2765,48,1
1908,7249,30,1
742,5898,7,0
1393,5885,12,1
1962,4714,3,1
1244,4392,17,1
1601,6289,41,1
1891,6773,32,1
1256,1788,8,1
328,5195,23,0
1467,7683,38,1
52,7924,30,0
1910,1737,15,1
1967,6066,10,1
376,4770,38,1
263,5303,15,0
267,5234,30,0
359,1990,46,1
1341,3305,26,1
1348,8769,45,1
1945,2466,14,1
1932,7659,3,1
1690,2626,36,1
1894,7907,26,1
1902,466,14,1
652,6621,31,1
1963,6706,14,1
1587,112,40,1
1653,8827,10,1
1445,3339,9,1
46,2417,46,1
1845,4142,40,1
600,7585,43,1
720,475,42,1
1913,356,18,1
1293,549,36,1
601,9185,36,1
381,3312,12,0
118,9476,40,1
1590,6275,3,1
1977,6043,18,1
116,8126,7,0
1654,7546,31,1
260,1408,1,0
1099,9208,31,1
1504,8439,13,1
305,4116,29,0
7,4040,3,0
366,6813,29,0
1658,4171,35,1
523,8207,15,0
1372,6012,21,1
1462,542,19,1
1239,3044,28,1
429,4036,4,0
791,498,45,1
1522,9443,13,1
1564,3095,15,1
747,6429,48,1
367,2316,39,1
313,1807,32,1
538,5866,3,0
921,5777,30,0
1078,2668,20,1
1565,7738,2,1
1491,260,25,1
865,8167,11,0
1188,4004,1,1
782,3673,48,1
334,1925,49,1
1571,9915,48,1
798,5682,10,0
348,1276,17,0
273,5018,30,0
963,4980,35,1
720,3320,19,0
1774,7920,46,1
1438,230,34,1
500,6759,32,1
1117,3662,12,1
685,1599,43,1
79,7530,17,0
622,7805,6,0
1241,7726,13,1
947,6779,39,1
358,2888,22,0
618,4976,11,0
507,3808,7,0
1583,9999,45,1
1205,1869,45,1
576,9610,21,0
1270,6831,1,1
244,3144,30,0
506,475,19,0
422,6447,47,1
1344,3136,46,1
1111,8952,29,1
217,6318,35,1
1514,9695,20,1
1543,840,36,1
1302,8595,39,1
1873,1185,1,1
1746,1310,23,1
1009,8520,31,1
1193,3219,35,1
330,367,47,1
650,2874,45,1
1465,4449,22,1
391,5065,46,1
1520,8225,7,1
381,3559,33,1
1330,1089,45,1
742,1037,36,1
820,6754,44,1
673,7089,7,0
513,8731,27,0
1772,7442,2,1
949,6123,17,0
1212,2458,1,1
930,3445,46,1
1540,6460,30,1
913,4916,22,0
644,3843,28,0
427,7259,33,1
502,618,26,0
730,368,35,1
1284,5544,11,1
1537,5575,7,1
71,4285,28,0
478,5261,25,0
1202,9680,41,1
457,9986,31,1
189,9681,3,0
291,3965,33,1
1544,8111,34,1
1789,2435,21,1
920,3774,37,1
292,4676,49,1
1970,600,19,1
756,9953,37,1
1659,8183,21,1
1835,8394,14,1
1307,5643,10,1
1568,2846,7,1
1870,3376,29,1
377,3185,40,1
1682,5835,8,1
1180,7896,39,1
508,6713,13,0
1437,1427,46,1
528,7872,19,0
1379,9971,11,1
559,3846,2,0
1787,5784,49,1
1211,2662,6,1
1055,4263,29,1
260,3417,41,1
421,2536,5,0
1553,5869,41,1
1575,8599,30,1
304,6018,39,1
942,1189,36,1
1968,4655,27,1
1063,2494,18,1
1513,6568,49,1
1668,4104,36,1
542,766,16,0
1694,5818,5,1
1302,5252,9,1
1227,2334,34,1
1090,6435,34,1
108,1336,36,1
268,1723,31,1
222,1474,20,0
1828,7375,17,1
1554,6459,20,1
1114,276,28,1
693,9645,21,0
255,6804,19,0
1479,3028,3,1
253,8917,30,0
257,7717,5,0
383,7714,42,1
442,3815,6,0
1882,4374,3,1
599,8686,49,1
1114,9460,42,1
1773,5071,24,1
390,8489,44,1
582,1068,1,0
1068,3255,36,1
1736,4864,15,1
1688,2604,41,1
598,7743,38,1
19,9568,44,1
1125,6106,18,1
1938,8062,23,1
607,8043,47,1
1790,1369,29,1
1381,1464,41,1
1566,6816,22,1
1785,1023,24,1
1962,570,45,1
33,6697,48,1
1994,3054,13,1
1253,1248,33,1
1548,3186,22,1
1654,9251,35,1
862,729,17,0
155,7507,22,0
1447,874,5,1
905,8651,25,0
1270,8809,6,1
405,1443,17,0
844,7498,31,1
1783,7297,17,1
1565,5116,33,1
1185,7897,39,1
747,2999,48,1
1726,1034,37,1
1141,2086,48,1
271,5096,4,0
770,6642,43,1
1716,5565,14,1
1511,6411,13,1
1909,8668,27,1
172,1605,24,0
1974,5463,27,1
274,1110,8,0
259,3577,47,1
1159,7841,39,1
1707,9522,21,1
1746,9469,41,1
1772,3957,11,1
422,9964,31,1
1445,3939,27,1
1210,4368,42,1
1953,2653,46,1
364,4489,48,1
1979,651,27,1
1631,5666,8,1
378,9331,33,1
1547,5858,12,1
580,9176,35,1
891,3151,34,1
722,5422,16,0
1220,2655,36,1
881,1189,2,0
1122,558,12,1
605,4821,27,0
22,6404,17,0
1474,2020,20,1
1196,7794,21,1
383,5768,30,0
134,6398,42,1
1450,6729,20,1
1049,5246,8,1
503,1103,18,0
1209,3183,18,1
1109,2689,18,1
1591,4410,2,1
1787,2341,12,1
144,5866,32,1
1887,7811,42,1
1934,5080,8,1
1703,1038,10,1
1436,4401,11,1
224,4070,14,0
220,4099,26,0
179,4750,47,1
1655,6727,30,1
433,3508,42,1
265,9062,4,0
954,348,39,1
429,8664,11,0
1686,6050,24,1
416,3026,22,0
1477,8075,3,1
727,3957,37,1
197,5030,2,0
1578,7114,12,1
1077,8993,21,1
480,7066,5,0
1467,9233,7,1
1354,6687,4,1
1275,6596,43,1
1831,5191,41,1
890,9085,36,1
1807,777,22,1
1991,6009,29,1
925,1661,9,0
123,4153,26,0
1903,8744,12,1
1411,3756,48,1
1363,5334,1,1
778,4246,8,0
348,5588,33,1
29,8181,4,0
975,309,14,0
35,5083,29,0
1542,7241,14,1
1420,5045,9,1
623,8080,9,0
1318,4066,26,1
589,8918,49,1
1373,9750,47,1
1171,2924,42,1
1091,1350,17,1
904,4858,41,1
520,4463,4,0
122,2263,46,1
340,9915,3,0
175,1953,29,0
1924,853,25,1
1715,5548,21,1
597,1968,12,0
451,281,1,0
557,1613,1,0
1160,9194,45,1
1879,3444,46,1
1040,5338,48,1
1357,7189,7,1
1219,6501,10,1
1520,2656,15,1
9,6198,40,1
1852,5380,11,1
334,4344,46,1
1357,2264,45,1
1017,6701,23,1
327,2121,13,0
15,2921,27,0
839,6038,41,1
1638,6232,17,1
226,9862,13,0
1449,6069,12,1
1814,6268,29,1
1432,813,21,1
113,7303,20,0
1452,3645,20,1
1,8514,31,1
266,963,8,0
1515,4725,24,1
1232,5407,11,1
1646,1525,39,1
1736,2404,33,1
952,753,42,1
1393,9451,15,1
306,8229,4,0
12,6834,1,0
1369,543,32,1
1489,7559,11,1
1724,4769,30,1
1690,5206,37,1
1518,4536,19,1
1392,2957,36,1
1870,9572,34,1
937,3139,7,0
420,8391,45,1
889,2837,20,0
1815,7056,12,1
171,5339,32,1
134,1707,2,0
965,3053,22,0
1451,6033,41,1
1049,4782,48,1
1554,6433,40,1
1214,7492,24,1
1165,9147,31,1
1579,6709,4,1
1870,5025,24,1
1820,9678,43,1
658,7350,17,0
1339,5883,40,1
1468,6823,19,1
1343,284,40,1
1465,621,38,1
1116,1348,34,1
179,9950,47,1
1080,1102,33,1
1179,6366,6,1
1696,6544,36,1
111,7117,13,0
137,8685,47,1
232,1717,9,0
992,760,35,1
468,5624,34,1
732,7716,16,0
481,5350,18,0
1092,7612,18,1
814,7005,38,1
1273,419,43,1
994,8875,32,1
323,3700,7,0
922,6060,23,0
904,5379,23,0
1542,8873,46,1
1816,1867,18,1
1456,9848,7,1
1511,1898,42,1
606,9290,40,1
429,9049,24,0
1293,382,14,1
1733,6437,5,1
1561,5266,46,1
148,7221,22,0
1142,7509,22,1
850,5589,10,0
367,4996,26,0
850,230,15,0
1090,1393,38,1
1994,6159,41,1
813,7057,42,1
1394,160,49,1
175,2311,1,0
1855,9840,14,1
588,6376,36,1
495,5463,31,1
973,8252,28,0
1138,8073,34,1
1135,137,35,1
1785,6090,39,1
1463,5538,23,1
1739,7777,46,1
1171,573,44,1
35,158,19,0
999,2736,18,0
1333,2714,15,1
538,7396,1,0
750,5099,25,0
1038,9703,26,1
374,8376,35,1
557,9825,15,0
1452,3897,4,1
1752,2774,15,1
233,6536,42,1
705,3220,38,1
563,9382,45,1
939,2176,39,1
887,3290,1,0
726,4887,22,0
1687,6156,11,1
1464,7594,46,1
1526,9500,38,1
1299,3677,37,1
1874,4841,26,1
76,6932,27,0
439,2681,13,0
1756,3887,7,1
1884,8807,8,1
1980,7203,46,1
699,1032,23,0
1313,1763,26,1
915,8848,44,1
1564,8014,27,1
891,9963,9,0
692,9284,46,1
253,9920,38,1
1150,9983,47,1
1201,4952,13,1
1061,1204,7,1
410,1370,11,0
1635,9701,10,1
1634,3746,33,1
127,5187,39,1
1507,9622,3,1
1192,4823,41,1
592,2154,29,0
294,9245,37,1
1869,6758,45,1
1662,1942,16,1
1367,2902,16,1
1020,7835,44,1
310,8301,43,1
662,8413,49,1
528,6205,7,0
540,2660,15,0
419,3137,38,1
444,8732,6,0
685,2849,18,0
1582,690,19,1
840,1468,2,0
236,1461,3,0
1463,8228,46,1
214,3873,25,0
85,2164,36,1
794,2515,49,1
1768,3051,28,1
85,5716,38,1
1945,8075,28,1
1513,7201,32,1
65,9868,41,1
1670,5103,36,1
663,8406,39,1
627,6343,36,1
64,6681,43,1
1367,9660,23,1
939,8430,2,0
1899,5023,10,1
919,6567,6,0
1376,5041,8,1
1182,6537,15,1
1613,6176,45,1
491,5748,29,0
1682,8101,28,1
1879,1415,22,1
1487,173,34,1
1249,8775,20,1
1941,1649,33,1
313,1459,15,0
615,1996,7,0
919,6759,24,0
1883,5346,26,1
813,7067,10,0
940,6761,15,0
1490,610,37,1
1112,8714,24,1
1907,2532,11,1
1327,2006,40,1
680,9250,21,0
435,9116,40,1
682,164,38,1
1159,5028,15,1
1074,4810,15,1
1456,6224,37,1
340,7937,45,1
347,900,14,0
646,6163,43,1
1371,8569,21,1
649,6209,44,1
245,6759,20,0
109,1338,33,1
1849,6682,3,1
1823,4623,40,1
533,5720,23,0
1114,1586,44,1
296,4781,47,1
112,4570,23,0
1837,5719,27,1
1613,8384,35,1
1201,7277,25,1
343,5541,32,1
1684,1940,22,1
101,5497,8,0
1782,1721,38,1
629,1661,18,0
1628,5949,28,1
1425,1516,28,1
28,4290,11,0
937,5154,12,0
1986,1230,2,1
1561,9705,37,1
58,3697,4,0
1522,2218,41,1
297,763,45,1
134,2734,45,1
1355,2874,47,1
249,6294,34,1
1021,4069,23,1
550,3590,13,0
902,9863,7,0
1965,1623,32,1
1099,8153,23,1
1678,1087,49,1
834,8015,8,0
1192,6503,47,1
771,5421,47,1
1527,3945,37,1
1909,6401,34,1
1379,198,48,1
1249,2388,29,1
1688,9806,37,1
1555,4397,23,1
146,8925,38,1
1984,7896,29,1
1265,7363,44,1
1908,8870,5,1
893,4059,40,1
344,7485,11,0
1773,8564,14,1
1059,5438,49,1
702,4981,42,1
1,4054,2,0
153,4027,35,1
429,8744,45,1
1969,9467,49,1
508,5011,35,1
1150,513,42,1
491,1650,28,0
1506,4626,8,1
345,7241,32,1
1936,6671,4,1
1762,2046,45,1
221,5303,7,0
1939,291,39,1
1943,140,48,1
723,5992,27,0
1049,9624,37,1
528,3549,17,0
1206,8427,10,1
1523,6009,4,1
841,2041,23,0
1665,9857,14,1
1066,4321,5,1
1939,7624,2,1
481,6643,46,1
930,6322,24,0
1872,8680,18,1
1772,1658,27,1
872,2221,24,0
1463,1128,29,1
1426,8373,11,1
1570,5756,48,1
345,9067,18,0
1917,3138,48,1
45,1978,4,0
1670,2371,33,1
21,1707,14,0
1658,3239,44,1
1094,705,42,1
1888,4835,32,1
873,3765,4,0
48,5952,20,0
1515,5562,21,1
551,2244,3,0
287,4370,25,0
1002,8207,4,1
1034,1476,47,1
542,3562,11,0
756,447,16,0
274,100,36,1
956,162,6,0
600,1883,31,1
1780,8517,40,1
381,6666,13,0
1353,1142,23,1
479,9136,4,0
15,1334,37,1
516,2084,42,1
191,9570,37,1
1192,1694,44,1
1545,6357,33,1
621,2052,42,1
1161,1795,29,1
154,1054,37,1
1412,3391,19,1
1233,8648,20,1
272,1068,32,1
143,341,44,1
1635,4334,16,1
1913,8438,5,1
1844,7449,49,1
1093,5261,46,1
247,8834,12,0
1285,8983,45,1
788,1125,21,0
79,3459,14,0
1682,5357,37,1
623,5836,22,0
1794,7779,30,1
1629,3051,23,1
525,9021,5,0
772,7489,29,0
938,2655,30,0
1645,1250,18,1
1354,1835,46,1
1213,8031,1,1
1119,1138,39,1
617,6469,17,0
1032,7227,3,1
67,3012,42,1
1520,4940,7,1
191,1342,27,0
1390,9064,28,1
768,8198,44,1
521,3512,31,1
990,2599,15,0
1141,7260,48,1
267,6210,8,0
1635,3645,6,1
485,1313,28,0
1533,518,4,1
1322,5060,30,1
1933,888,43,1
1188,1971,17,1
376,2125,34,1
653,6364,6,0
1292,2546,36,1
549,7529,35,1
1098,4923,39,1
1532,8852,39,1
73,2751,16,0
308,639,2,0
199,6599,8,0
1154,4855,15,1
1782,6059,27,1
1848,3389,16,1
572,5646,1,0
791,2858,10,0
1639,5411,7,1
1832,4207,48,1
1856,1995,10,1
1511,2600,12,1
1877,2929,17,1
1175,147,45,1
1693,2464,12,1
1230,5766,15,1
179,6558,46,1
197,9045,32,1
735,8277,32,1
89,7730,26,0
799,8031,14,0
1458,7158,26,1
788,2902,5,0
748,8694,38,1
1207,2186,46,1
209,6824,4,0
493,6255,28,0
1154,1249,1,1
665,162,13,0
1037,3253,43,1
1658,9300,3,1
871,6038,49,1
732,9614,25,0
1130,851,42,1
1399,7876,16,1
1606,8949,21,1
1731,9952,13,1
698,800,44,1
1123,9372,36,1
594,1640,8,0
1611,3132,44,1
886,6267,19,0
852,6464,47,1
1216,2083,16,1
325,8606,12,0
979,5896,20,0
1750,7748,18,1
1851,7994,12,1
956,2414,48,1
1491,8059,25,1
894,1749,11,0
1391,7800,22,1
1342,7000,46,1
144,3900,34,1
384,2578,13,0
216,7154,46,1
1385,6159,38,1
324,8533,12,0
1039,6309,39,1
217,7215,36,1
1516,2356,28,1
951,3468,27,0
1571,7487,39,1
183,8658,13,0
270,2927,43,1
945,9544,40,1
1491,2587,27,1
870,3703,31,1
1636,3621,2,1
1543,4617,18,1
1566,1743,26,1
467,1312,42,1
305,7445,31,1
1168,4803,38,1
111,5534,22,0
1014,119,36,1
232,775,19,0
1715,4577,14,1
1608,708,14,1
1746,6386,29,1
1756,161,17,1
1616,9557,37,1
1524,1254,9,1
595,9920,1,0
1578,9918,4,1
1297,3816,7,1
1727,5342,11,1
173,5659,14,0
973,5122,42,1
1031,6585,19,1
1179,1542,40,1
1546,1753,3,1
546,2602,8,0
548,3369,29,0
1945,381,37,1
518,9316,43,1
1944,3503,9,1
914,1335,19,0
215,4860,12,0
134,7040,27,0
285,885,37,1
1150,9959,48,1
1945,3294,25,1
1463,4889,45,1
1873,3875,38,1
686,5450,48,1
1176,633,17,1
331,8693,44,1
1562,3763,33,1
1407,229,39,1
1139,3059,14,1
894,1958,28,0
1506,3749,18,1
1308,3197,33,1
899,3612,42,1
1099,4960,15,1
1190,9512,11,1
1213,8933,36,1
78,823,15,0
947,837,48,1
1626,1399,30,1
688,3580,15,0
21,439,49,1
566,252,23,0
1208,5784,43,1
1895,9713,48,1
1246,3151,15,1
827,526,29,0
1352,7246,11,1
179,8225,45,1
1812,6447,18,1
1136,9427,40,1
1760,2472,31,1
1750,8226,9,1
1083,1049,22,1
1351,7795,11,1
905,1473,17,0
1645,7182,33,1
1921,9248,11,1
669,9993,39,1
191,2582,8,0
1224,7693,4,1
1336,9595,36,1
708,470,19,0
1059,7937,24,1
379,2396,41,1
387,7134,49,1
1782,6424,18,1
237,7242,33,1
616,7128,46,1
1543,6579,36,1
283,4245,10,0
1,4121,14,0
1755,2464,7,1
464,5330,12,0
1254,6070,22,1
967,9054,27,0
172,7400,48,1
1111,6855,37,1
1577,1104,11,1
1147,7157,36,1
843,3855,13,0
1322,2946,32,1
1909,6362,8,1
1953,8641,7,1
690,3064,43,1
575,8978,43,1
1508,4737,17,1
165,2855,22,0
1723,3724,46,1
383,2832,34,1
209,6573,20,0
1763,6451,8,1
1456,1793,22,1
1413,784,27,1
1584,3019,34,1
224,7266,21,0
3,3856,15,0
372,5554,5,0
1711,3383,38,1
1470,4791,17,1
611,6928,8,0
116,7450,19,0
1294,1256,5,1
447,3161,23,0
1392,7257,19,1
1277,6019,14,1
1341,5993,10,1
415,4545,31,1
1119,6536,13,1
1809,1392,22,1
892,9852,37,1
1048,9275,39,1
1652,8002,10,1
663,2167,31,1
1874,2079,43,1
1074,1836,35,1
1526,2018,13,1
718,800,30,0
1522,4146,34,1
1359,2173,36,1
1103,4761,35,1
1606,494,47,1
1051,3148,4,1
271,3552,4,0
562,622,47,1
804,9854,6,0
247,8841,28,0
1800,1568,30,1
1615,6330,27,1
387,8216,5,0
702,9124,44,1
559,6911,39,1
973,1521,35,1
1385,8087,39,1
1890,385,44,1
984,2845,15,0
1512,7208,19,1
352,4564,30,0
1725,1545,38,1
1952,5937,32,1
1280,1566,40,1
1246,7267,29,1
1908,9206,6,1
753,8579,26,0
781,4526,27,0
1025,6032,35,1
546,1278,28,0
1470,2651,5,1
79,4470,41,1
1260,9880,48,1
334,6422,16,0
889,4962,41,1
1373,9279,18,1
1122,5955,13,1
1106,1303,43,1
502,7449,25,0
1991,6486,10,1
1501,1219,29,1
1951,8488,10,1
1728,4075,6,1
765,8817,16,0
921,9702,25,0
550,1392,44,1
14,9486,4,0
392,3755,37,1
1371,4886,34,1
310,2317,19,0
386,6690,33,1
1233,1117,4,1
1381,5276,44,1
974,3690,34,1
1625,8339,12,1
1592,9119,31,1
1118,6276,16,1
1117,6747,2,1
340,4822,49,1
597,6115,2,0
1469,5222,36,1
757,7783,6,0
1046,2189,23,1
291,2156,39,1
1509,9110,47,1
1808,3780,44,1
306,4985,37,1
634,3214,46,1
1152,7483,16,1
625,1729,43,1
939,1643,44,1
1297,7612,19,1
848,5869,49,1
442,2004,24,0
503,1536,27,0
130,5131,7,0
1156,3417,30,1
597,4216,41,1
1959,9290,14,1
1506,9723,44,1
862,4652,15,0
1414,5663,12,1
593,6223,29,0
999,3161,23,0
325,8189,13,0
1093,8556,9,1
1684,3831,24,1
448,6427,39,1
1552,3417,30,1
819,2146,1,0
1641,3244,10,1
1189,3321,38,1
1512,5164,47,1
1737,9545,15,1
709,822,9,0
1450,7875,13,1
1721,7664,23,1
1858,8375,33,1
265,4935,9,0
1899,3919,3,1
612,3464,30,0
1366,6189,9,1
832,4418,25,0
1750,7036,47,1
1302,2880,24,1
674,7498,32,1
1463,2552,7,1
157,5388,36,1
1446,8620,25,1
251,525,20,0
878,9061,17,0
1633,4075,36,1
530,8899,26,0
327,6769,19,0
961,2224,37,1
895,1400,48,1
97,5115,3,0
513,8757,43,1
216,2064,28,0
1156,5667,22,1
1284,5379,47,1
125,2460,19,0
1106,2139,46,1
1307,1284,16,1
1707,4034,6,1
59,5894,37,1
1568,8272,31,1
161,877,49,1
284,3479,48,1
106,2518,34,1
1129,4177,31,1
1463,2539,11,1
228,7904,36,1
1724,5369,6,1
1606,5687,27,1
318,2089,7,0
1488,7968,49,1
802,9358,32,1
1623,1044,8,1
1906,8320,33,1
874,1997,47,1
472,5851,44,1
1080,5250,15,1
625,1797,27,0
13,5985,30,0
1464,1765,22,1
1042,9862,47,1
694,9051,29,0
973,9643,41,1
113,9560,48,1
229,1885,30,0
171,6048,2,0
295,2707,15,0
189,8690,47,1
426,2730,27,0
977,7760,7,0
1103,9961,27,1
658,338,21,0
919,3636,13,0
1206,3961,17,1
499,9438,11,0
1822,9849,10,1
762,8591,33,1
866,7999,14,0
826,7245,37,1
1732,5961,8,1
1859,348,33,1
71,4423,7,0
248,7201,34,1
146,2960,7,0
1642,823,7,1
1799,669,41,1
1320,8511,36,1
582,9686,7,0
470,2934,20,0
1530,8028,18,1
193,6771,45,1
1092,2222,43,1
494,4100,41,1
1841,3189,14,1
52,7265,40,1
882,7310,14,0
363,149,21,0
1821,614,49,1
917,4771,27,0
474,7849,46,1
1870,1265,26,1
521,514,27,0
1787,1204,24,1
1455,4958,5,1
1868,3456,42,1
1322,2516,38,1
1459,5711,28,1
1720,5565,42,1
691,8495,43,1
1222,7292,32,1
1152,5772,24,1
532,8360,6,0
1435,8807,10,1
1958,3663,46,1
840,6483,3,0
1089,9756,7,1
1718,9944,29,1
241,8998,34,1
1393,9917,7,1
536,6933,17,0
1408,4852,13,1
1455,8223,21,1
1991,3885,31,1
83,9637,9,0
982,8635,45,1
1855,8827,47,1
1721,8646,13,1
951,5123,17,0
1852,1082,8,1
611,1445,9,0
574,5791,9,0
286,6102,40,1
989,626,48,1
1558,6747,30,1
459,7352,7,0
1236,1030,17,1
126,2382,39,1
1437,2046,38,1
1523,3460,5,1
425,9885,17,0
554,8212,40,1
610,3025,1,0
1985,3725,16,1
1567,5569,17,1
1182,1323,30,1
112,7210,31,1
402,9257,35,1
1783,5092,45,1
122,8914,8,0
273,4887,48,1
1318,6918,30,1
398,4826,39,1
471,2472,21,0
985,3399,15,0
1231,9460,34,1
1134,6551,27,1
1464,8683,2,1
1302,3909,10,1
1987,2507,5,1
1592,4964,27,1
1911,5127,4,1
1939,4360,47,1
569,4928,13,0
1964,8872,17,1
1506,9112,21,1
1827,9539,23,1
1138,8415,33,1
1917,1974,15,1
897,8815,14,0
820,3223,9,0
853,4324,44,1
1501,5354,37,1
710,3298,30,0
1957,7182,29,1
321,1310,23,0
179,9318,34,1
897,5504,7,0
219,4217,9,0
789,5529,4,0
1973,8789,2,1
1552,9985,27,1
492,4858,33,1
1915,8282,32,1
61,9016,44,1
1078,475,45,1
1704,7513,46,1
538,4498,37,1
848,3959,27,0
988,1786,28,0
65,5112,3,0
1636,356,36,1
586,3700,49,1
1728,150,43,1
171,6690,8,0
1297,7537,44,1
1913,694,41,1
1723,4831,37,1
535,3973,49,1
1415,9364,45,1
1964,5848,38,1
693,5337,22,0
1351,1576,14,1
108,4970,15,0
1871,8132,46,1
1186,3120,4,1
814,6166,18,0
1005,8153,1,1
452,9956,12,0
1230,9687,41,1
590,8166,42,1
1040,8267,17,1
327,4880,19,0
608,4145,36,1
659,2333,48,1
2,8217,7,0
1034,6459,9,1
434,4297,8,0
125,9598,25,0
1105,9929,7,1
485,9432,42,1
652,715,8,0
1862,1666,24,1
1174,9268,17,1
800,9608,12,0
873,2439,46,1
1364,8209,31,1
129,7474,12,0
438,6807,2,0
751,478,12,0
501,3565,27,0
1082,6105,46,1
1222,2371,7,1
211,9338,13,0
1938,1107,36,1
902,6900,1,0
45,209,49,1
1121,2871,35,1
1303,3983,30,1
535,2700,31,1
1434,5618,17,1
461,3343,8,0
391,1105,3,0
1871,405,10,1
1068,5801,34,1
27,1058,22,0
794,9245,4,0
1121,5370,32,1
975,7695,29,0
548,3638,46,1
621,7120,11,0
567,1730,46,1
704,2703,13,0
1243,8358,4,1
185,9126,2,0
1093,305,34,1
1853,9824,43,1
1154,5791,22,1
1591,6241,5,1
1914,3245,9,1
1633,3220,20,1
848,6828,21,0
599,8999,17,0
806,6130,12,0
1655,278,28,1
1744,5267,18,1
1358,212,3,1
1949,9048,5,1
1178,9188,14,1
1571,8450,48,1
79,9077,26,0
579,1903,19,0
1879,2398,41,1
413,1642,17,0
546,7359,39,1
1633,2254,42,1
169,8866,4,0
681,1481,42,1
1687,6002,35,1
583,1322,24,0
515,1601,41,1
1338,9150,13,1
32,3674,33,1
287,3829,15,0
594,7840,15,0
1067,3291,31,1
1927,9888,43,1
617,7576,28,0
1025,1661,10,1
1597,2622,7,1
270,2491,33,1
1204,2775,7,1
1760,2283,5,1
518,8568,26,0
1127,8166,16,1
1034,2178,8,1
583,4442,22,0
1114,1220,34,1
226,5519,40,1
670,3470,28,0
1764,2008,46,1
917,3620,36,1
126,4407,47,1
956,4596,7,0
1233,4850,40,1
1121,597,43,1
74,7091,28,0
1651,3687,2,1
1215,2513,9,1
1706,3900,6,1
1843,8754,1,1
1984,6271,3,1
1740,3557,10,1
56,8564,37,1
720,7069,44,1
553,1250,23,0
32,7554,33,1
1551,5307,9,1
574,118,13,0
667,9908,28,0
284,3278,7,0
1745,5677,26,1
1856,4181,16,1
1518,6554,40,1
187,8703,26,0
498,9033,39,1
1466,2771,32,1
130,6487,36,1
639,6933,42,1
1316,2724,1,1
114,5599,49,1
1223,614,21,1
13,306,13,0
1295,1047,26,1
1625,1928,45,1
1239,6961,9,1
444,6194,37,1
1814,6445,23,1
1536,2267,1,1
447,8079,2,0
986,6026,43,1
993,6632,28,0
715,5756,36,1
74,6043,31,1
537,9948,41,1
101,8893,5,0
176,5539,37,1
427,9003,25,0
1141,1303,8,1
1190,7100,34,1
41,9683,39,1
429,6739,49,1
344,7789,32,1
1448,7613,11,1
366,6726,47,1
1144,7486,25,1
609,3231,3,0
657,7234,45,1
728,3830,32,1
229,2766,35,1
825,649,32,1
1154,4841,34,1
1376,1344,37,1
889,4112,5,0
1342,9137,45,1
984,6296,28,0
1673,4645,28,1
836,6305,8,0
1361,7290,27,1
1297,8335,16,1
117,758,18,0
818,7095,25,0
368,5876,48,1
1118,5393,1,1
168,1791,8,0
954,9657,21,0
1739,7835,34,1
1365,3230,24,1
661,7144,37,1
1938,4633,26,1
695,5647,47,1
925,1067,14,0
152,1504,29,0
586,8777,30,0
1901,3730,3,1
913,3068,7,0
274,7369,36,1
1578,1679,11,1
496,6092,32,1
1748,150,12,1
101,6552,15,0
557,5253,38,1
1106,9951,24,1
1553,6123,1,1
73,4400,18,0
1038,2887,46,1
1457,2255,7,1
157,7119,42,1
735,5460,41,1
132,4330,2,0
1362,9906,40,1
1019,7707,31,1
1428,8698,33,1
1400,4297,30,1
1912,9676,31,1
559,5512,34,1
107,4599,7,0
1644,5009,25,1
265,7269,16,0
1229,9921,22,1
1103,3362,36,1
155,9318,27,0
1807,3089,17,1
988,7754,4,0
997,2324,35,1
247,5476,41,1
531,3020,22,0
858,7801,47,1
1972,6641,35,1
538,5715,44,1
729,4415,15,0
1178,6200,40,1
154,2883,44,1
1710,9705,21,1
92,2908,13,0
1457,3431,47,1
338,2278,11,0
1504,897,49,1
1717,2946,27,1
1155,1029,31,1
450,4918,44,1
810,3191,32,1
787,2362,30,0
273,9625,18,0
1953,9566,16,1
588,7649,35,1
177,3580,9,0
1720,3442,39,1
831,6153,37,1
643,7674,10,0
1899,7959,12,1
1073,9509,8,1
567,9756,3,0
666,4274,19,0
1379,7247,11,1
1736,4870,8,1
1332,5933,26,1
868,8305,45,1
1909,7102,23,1
1654,2393,10,1
1799,2145,18,1
1070,1137,12,1
302,6342,39,1
868,9751,26,0
912,8548,11,0
408,6262,10,0
1213,4173,3,1
822,1383,7,0
1854,6832,4,1
1153,6045,40,1
561,3587,8,0
1561,2284,38,1
1290,8650,13,1
1142,3287,12,1
464,9517,35,1
144,5595,38,1
442,2397,43,1
1224,7197,36,1
1181,8569,47,1
487,3644,2,0
860,6931,15,0
1158,491,49,1
1936,1068,34,1
148,5251,39,1
1360,4464,26,1
1095,3407,48,1
1257,6225,5,1
1358,4470,48,1
811,4938,25,0
666,8377,34,1
90,3234,47,1
1358,1154,4,1
199,3829,34,1
1185,2769,27,1
538,375,42,1
1145,5817,29,1
301,9397,5,0
724,8122,18,0
1599,8100,4,1
963,228,1,0
1460,7177,20,1
68,4426,6,0
1789,3668,20,1
1946,7722,20,1
459,8180,46,1
1538,2502,27,1
398,1747,26,0
620,3656,32,1
1310,2293,10,1
1585,3204,18,1
1164,4455,41,1
730,2234,12,0
556,9134,10,0
1953,4003,24,1
781,3713,24,0
1614,8683,38,1
1752,2379,46,1
894,9192,25,0
610,1252,8,0
748,1394,14,0
282,8757,43,1
661,5389,31,1
924,3345,24,0
1840,6168,16,1
996,6816,20,0
1960,6754,38,1
1602,8779,47,1
746,3038,15,0
1481,2726,14,1
87,1049,12,0
1103,9341,34,1
1229,4175,8,1
791,9682,19,0
1361,9375,46,1
1278,1758,5,1
304,7032,27,0
1404,8153,41,1
130,7059,13,0
596,1917,32,1
1300,8482,31,1
1723,560,41,1
558,8071,46,1
899,6115,37,1
1207,6476,2,1
1292,2621,7,1
1832,3576,48,1
1346,2805,11,1
1536,4466,11,1
1636,9449,23,1
78,127,31,1
784,4331,44,1
1363,6648,45,1
674,3124,8,0
1580,1364,32,1
1533,9147,48,1
238,6687,21,0
1158,6677,31,1
1997,1351,1,1
1216,3970,13,1
1380,1426,11,1
278,6277,29,0
1042,9317,4,1
524,461,36,1
180,1318,15,0
123,705,3,0
1270,6059,29,1
1758,1770,21,1
1397,4543,2,1
1075,1377,6,1
1095,498,31,1
480,2272,24,0
1584,2910,40,1
1043,6374,17,1
1798,5781,5,1
84,3039,2,0
1179,9113,12,1
565,1044,5,0
619,6065,42,1
357,6448,41,1
816,7870,20,0
647,7199,8,0
443,1296,1,0
1093,1312,6,1
523,923,11,0
143,7184,3,0
192,635,31,1
1411,3110,28,1
378,7637,47,1
581,1049,43,1
535,643,5,0
1717,4000,26,1
1317,4324,16,1
1033,2966,31,1
1295,2346,28,1
1411,1936,7,1
93,8368,38,1
1990,8660,9,1
529,7076,39,1
1178,448,35,1
405,4701,43,1
840,4433,27,0
1173,5499,12,1
889,5796,25,0
1291,1555,43,1
422,2285,29,0
1864,7536,31,1
1642,3911,34,1
472,7409,33,1
893,8186,27,0
547,3782,2,0
631,1946,14,0
1550,1954,13,1
1527,3085,24,1
1038,2994,5,1
778,7596,34,1
1676,658,23,1
1830,2996,19,1
364,1354,30,0
119,1781,49,1
1262,5371,43,1
546,6383,16,0
1193,8954,40,1
522,3425,34,1
634,1341,49,1
1937,3243,11,1
1681,3137,14,1
963,8453,48,1
958,1881,47,1
1759,4775,15,1
883,1577,35,1
1793,7248,7,1
780,7651,29,0
871,206,44,1
516,2768,22,0
938,5035,23,0
1421,7370,24,1
866,1264,35,1
106,1257,10,0
1109,2346,8,1
214,6753,48,1
1145,8958,48,1
1156,7749,12,1
850,611,29,0
197,8541,29,0
19,988,23,0
642,9315,26,0
1036,8083,37,1
1105,8891,32,1
330,3122,38,1
866,2630,6,0
774,6415,8,0
392,2164,17,0
637,5513,12,0
307,6637,22,0
1291,3669,14,1
1471,1342,34,1
1465,4429,19,1
895,2025,6,0
652,3495,18,0
841,540,36,1
1026,5331,37,1
520,8281,38,1
1786,2843,15,1
1675,8139,38,1
636,8298,40,1
1333,1686,9,1
740,925,6,0
1546,3924,2,1
469,1368,16,0
212,7715,1,0
1136,3536,30,1
1032,8189,48,1
804,1410,33,1
477,9919,1,0
874,9328,39,1
460,577,16,0
253,9006,17,0
1550,9968,48,1
752,2262,48,1
1462,608,38,1
1778,7419,18,1
981,481,22,0
854,9472,22,0
1685,1945,35,1
236,7400,31,1
1330,9392,40,1
478,9009,27,0
679,7817,36,1
1044,8609,4,1
216,4729,49,1
855,5804,5,0
135,1876,25,0
905,8203,31,1
1153,2384,14,1
410,1344,30,0
1446,1433,47,1
1318,3769,12,1
1270,1300,27,1
1725,1894,45,1
1580,6281,24,1
86,1554,30,0
556,2033,18,0
1866,846,14,1
1399,7470,19,1
1470,9132,22,1
378,8073,26,0
1414,6927,7,1
1681,9380,28,1
1075,892,38,1
242,7027,5,0
1318,1367,36,1
920,9842,18,0
1587,6469,14,1
266,2790,48,1
1144,7974,23,1
712,392,14,0
1941,6964,32,1
1272,4122,5,1
70,9696,22,0
1877,1748,28,1
57,5271,43,1
1406,9689,12,1
39,1793,18,0
801,6810,36,1
1467,1137,31,1
1042,3952,13,1
1976,5559,20,1
732,9854,45,1
825,9404,36,1
756,7148,7,0
352,6284,23,0
1996,9583,34,1
1840,1261,32,1
1322,1129,21,1
283,1078,6,0
1610,8809,16,1
110,9074,35,1
1017,5229,47,1
1204,237,20,1
1962,9045,42,1
544,4908,41,1
1770,2555,11,1
1818,7492,32,1
25,8871,14,0
843,3366,24,0
791,4749,44,1
738,8687,39,1
57,5353,43,1
180,5528,31,1
232,6085,17,0
1918,2689,25,1
343,7276,9,0
477,3134,22,0
1823,269,45,1
576,3339,48,1
455,3515,35,1
1256,3668,37,1
289,3584,17,0
1237,4935,28,1
258,1941,1,0
530,6978,9,0
687,4652,49,1
929,6944,13,0
229,3126,47,1
1250,6289,32,1
596,4065,28,0
1827,7284,31,1
435,9893,8,0
882,5579,8,0
1021,5480,34,1
1782,1246,23,1
402,4426,10,0
622,211,37,1
1790,692,48,1
88,7513,25,0
584,8279,33,1
1917,1338,45,1
1566,6083,4,1
1708,2894,7,1
309,3698,33,1
906,3903,2,0
343,1626,48,1
436,8009,46,1
177,2069,32,1
139,9243,5,0
194,1602,46,1
1210,4567,17,1
1242,6507,12,1
1188,8401,12,1
1185,2454,35,1
943,5419,21,0
525,325,21,0
1832,3111,2,1
1625,4226,21,1
1860,713,15,1
1066,198,11,1
915,5558,10,0
210,9102,18,0
741,6016,23,0
862,3437,31,1
1299,2799,26,1
954,6017,2,0
1303,7617,39,1
354,818,22,0
602,9721,2,0
563,4475,8,0
774,2868,14,0
335,2770,14,0
163,5767,26,0
865,9791,10,0
830,7091,25,0
497,6169,8,0
479,7465,8,0
558,3338,29,0
408,2676,24,0
752,9521,27,0
104,2880,11,0
260,7425,15,0
848,9275,17,0
159,4156,22,0
182,6285,25,0
351,7063,6,0
459,1977,10,0
850,197,17,0
251,515,20,0
183,4834,18,0
290,4978,25,0
857,1953,10,0
662,3231,3,0
728,5802,20,0
167,9577,26,0
7,7857,29,0
35,5412,8,0
580,2911,17,0
583,7898,8,0
731,5095,18,0
436,1040,11,0
184,7106,13,0
924,6118,18,0
121,4171,8,0
628,8505,23,0
762,3961,5,0
420,9498,26,0
346,7289,9,0
888,828,3,0
182,7906,13,0
103,2818,18,0
546,3189,17,0
517,6101,19,0
518,1487,21,0
401,1357,15,0
794,9841,15,0
689,8281,25,0
981,5762,13,0
504,3220,9,0
932,8430,2,0
247,4101,25,0
925,1070,14,0
510,8598,16,0
301,9424,26,0
565,4483,7,0
494,2219,17,0
619,4822,20,0
159,5127,11,0
300,7978,19,0
907,454,27,0
791,3197,12,0
805,9690,17,0
315,989,11,0
511,5067,24,0
342,7902,22,0
442,2691,9,0
601,7092,10,0
356,857,22,0
918,7970,16,0
979,7141,20,0
319,3360,23,0
51,8738,7,0
159,2363,3,0
355,6918,13,0
892,9148,25,0
52,8740,5,0
915,5256,13,0
795,6717,24,0
113,7731,3,0
5,719,22,0
329,9174,22,0
85,5607,5,0
282,7981,6,0
238,3103,23,0
788,2899,5,0
45,3035,10,0
9,1380,21,0
953,6445,21,0
144,7195,9,0
647,9306,25,0
744,377,10,0
923,4639,4,0
822,3080,28,0
368,5172,17,0
934,2088,19,0
12,4623,17,0
184,1338,11,0
683,2824,18,0
758,977,12,0
374,1373,22,0
322,2181,8,0
316,5415,24,0
735,3671,9,0
831,1258,10,0
256,1970,10,0
481,4566,11,0
247,5012,14,0
731,7133,9,0
558,2028,22,0
681,728,4,0
490,4623,9,0
159,3953,7,0
743,9119,11,0
324,6761,13,0
794,1412,20,0
973,9568,8,0
919,8165,8,0
536,2382,16,0
566,7890,11,0
502,887,13,0
224,4873,9,0
377,850,24,0
856,9975,21,0
746,6885,8,0
486,1880,8,0
711,1254,18,0
761,3060,23,0
479,6217,10,0
287,7426,7,0
273,5441,24,0
139,176,12,0
18,4290,27,0
309,8528,15,0
267,1004,14,0
125,5514,15,0
554,3003,19,0
252,8904,29,0
105,3051,8,0
457,6716,11,0
20,3495,23,0
993,4453,22,0
781,537,18,0
270,5204,25,0
405,5389,28,0
485,2185,10,0
635,4172,8,0
424,1127,14,0
728,976,17,0
817,1960,14,0
166,2369,7,0
210,4054,25,0
31,2782,18,0
166,4159,24,0
236,4225,13,0
637,8824,15,0
830,2325,15,0
106,2846,14,0
181,9123,3,0
659,6302,22,0
456,852,10,0
576,7957,21,0
334,495,24,0
862,5564,11,0
488,1305,13,0
364,8189,15,0
964,1799,8,0
27,3066,17,0
122,1197,22,0
597,3596,10,0
156,2149,14,0
602,6440,8,0
540,766,15,0
922,919,12,0
384,2040,5,0
768,681,7,0
92,385,17,0
166,3158,23,0
191,8014,10,0
350,8427,19,0
925,5803,21,0
278,1060,5,0
127,814,15,0
656,9725,17,0
40,3730,14,0
410,4794,8,0
447,7524,28,0
127,8127,22,0
20,8830,17,0
566,7700,25,0
503,1708,12,0
857,5803,6,0
164,5540,19,0
668,6285,19,0
883,6294,20,0
640,9434,2,0
940,8431,4,0
449,1769,18,0
314,1214,14,0
786,2479,23,0
986,5917,18,0
505,9108,7,0
209,2040,28,0
662,5475,1,0
543,7173,20,0
676,8638,19,0
423,8481,1,0
18,8858,16,0
951,4370,10,0
356,1300,11,0
136,379,14,0
541,2168,18,0
774,1133,21,0
933,4761,24,0
397,1285,28,0
441,2688,10,0
969,2119,11,0
115,188,25,0
659,7224,17,0
173,9531,12,0
779,3187,13,0
764,7181,5,0
480,6532,12,0
360,6012,18,0
824,8723,5,0
577,1315,24,0
764,8548,27,0
561,4782,9,0
838,4419,25,0
804,8171,25,0
415,4739,22,0
926,6326,24,0
449,8733,13,0
302,8643,24,0
724,6755,17,0
92,1080,24,0
666,9527,18,0
889,5122,12,0
135,1718,5,0
558,1848,11,0
958,951,19,0
890,1969,24,0
304,3689,6,0
307,5304,19,0
120,364,20,0
528,7198,25,0
259,7341,2,0
627,380,9,0
445,2911,18,0
981,2119,7,0
672,1067,8,0
611,3305,12,0
771,594,19,0
754,1971,13,0
833,9064,23,0
612,2004,22,0
35,5083,28,0
380,1331,4,0
932,6443,14,0
200,4961,25,0
41,3832,12,0
913,2433,22,0
103,9130,22,0
582,5475,3,0
909,2726,21,0
519,560,25,0
618,9172,20,0
638,4270,14,0
720,6030,23,0
704,7147,21,0
924,3340,27,0
976,7744,12,0
195,3843,10,0
712,1504,17,0
162,6538,23,0
846,8736,4,0
200,6269,27,0
715,1594,14,0
825,6432,7,0
404,8850,15,0
692,633,10,0
211,8577,17,0
645,6274,24,0
164,9435,12,0
703,6921,23,0
126,9891,16,0
258,7028,10,0
47,861,18,0
881,6316,20,0
60,8044,9,0
529,325,27,0
392,2273,29,0
556,758,23,0
386,3585,20,0
45,4607,14,0
959,9388,10,0
554,5582,29,0
965,5742,19,0
418,9506,16,0
491,2895,5,0
80,3027,2,0
502,6159,13,0
70,8113,11,0
254,6802,19,0
337,5694,29,0
386,3010,14,0
288,1281,2,0
619,2927,8,0
885,3355,26,0
442,8216,22,0
929,5808,14,0
468,4121,13,0
134,2152,14,0
933,7981,19,0
546,8591,21,0
386,4229,24,0
145,8206,4,0
128,2686,16,0
135,5107,12,0
624,6184,12,0
743,9152,8,0
988,2350,29,0
740,466,15,0
59,1998,1,0
576,7894,8,0
873,3820,13,0
176,6132,16,0
582,990,21,0
266,1041,10,0
942,5256,19,0
158,4156,20,0
713,7127,17,0
707,4753,23,0
14,1597,7,0
621,8079,8,0
842,8267,14,0
931,4634,14,0
542,3636,19,0
846,5095,13,0
379,7167,11,0
280,7827,14,0
853,7304,18,0
768,7186,6,0
808,6142,14,0
251,6797,20,0
548,3771,9,0
865,8579,2,0
429,5152,5,0
214,4211,10,0
306,870,5,0
772,3955,1,0
298,1560,15,0
133,7062,12,0
931,9847,14,0
889,2585,19,0
165,1200,22,0
991,5930,17,0
664,476,19,0
324,7388,27,0
756,9087,22,0
712,1823,11,0
151,8268,24,0
345,5523,3,0
377,1189,22,0
916,1224,16,0
559,2792,23,0
478,1551,5,0
214,3908,27,0
614,7987,21,0
805,5727,25,0
42,3867,7,0
316,8207,8,0
171,1913,13,0
383,8759,23,0
146,9851,16,0
668,6183,8,0
686,2682,21,0
414,5370,8,0
392,1878,12,0
655,9216,7,0
116,4158,24,0
766,7188,4,0
36,4870,1,0
97,1152,11,0
606,7099,8,0
982,8188,8,0
575,1890,17,0
276,188,16,0
302,9001,18,0
456,7789,22,0
785,537,24,0
909,9891,5,0
286,4249,27,0
410,6788,17,0
143,8867,24,0
959,7653,19,0
728,5541,19,0
233,735,23,0
548,9918,12,0
40,183,18,0
916,1160,9,0
244,5889,13,0
977,2588,17,0
539,4819,18,0
578,7683,19,0
352,6484,20,0
656,142,17,0
314,8639,14,0
567,2819,27,0
708,7122,11,0
708,1541,21,0
505,9447,4,0
9,7847,20,0
360,2435,17,0
197,3380,12,0
275,1056,19,0
778,7598,16,0
91,7497,21,0
873,6311,18,0
843,609,28,0
955,3055,19,0
761,3061,23,0
277,6545,4,0
677,2421,21,0
188,9432,9,0
974,4055,21,0
397,2272,29,0
190,1518,19,0
26,2696,9,0
429,9008,22,0
519,2267,16,0
409,8850,14,0
335,5693,26,0
425,429,24,0
406,1443,16,0
663,3468,26,0
770,7366,13,0
668,404,18,0
669,7338,22,0
712,452,12,0
929,9392,21,0
91,5585,3,0
904,8628,3,0
172,972,17,0
341,2958,7,0
735,5821,4,0
502,481,14,0
623,1864,6,0
765,6423,20,0
873,3788,7,0
755,1791,18,0
129,6403,16,0
823,2331,17,0
60,5107,6,0
217,3243,8,0
981,9377,13,0
207,8555,23,0
401,1340,22,0
540,9515,20,0
485,6714,12,0
216,9409,7,0
157,8282,25,0
558,9161,16,0
379,3597,15,0
139,197,12,0
376,9156,20,0
159,8006,13,0
148,5180,12,0
917,3809,5,0
180,5360,13,0
168,9573,24,0
53,5404,11,0
964,678,26,0
74,8666,8,0
605,4976,18,0
537,9572,17,0
484,8316,14,0
238,3923,18,0
362,6001,22,0
229,567,19,0
504,1529,26,0
49,2792,19,0
126,6433,13,0
295,1022,18,0
149,4457,20,0
186,1294,12,0
134,8011,17,0
306,7033,25,0
537,3183,16,0
6,5030,16,0
172,5657,13,0
387,2503,2,0
831,5146,21,0
619,6141,9,0
598,2977,21,0
772,3095,15,0
430,4975,4,0
185,3729,16,0
344,6861,11,0
476,1021,2,0
469,826,18,0
210,9112,17,0
913,4925,22,0
110,198,22,0
313,5243,8,0
701,3986,19,0
58,1940,5,0
24,3718,25,0
719,6742,4,0
48,8742,6,0
956,634,20,0
47,4393,17,0
985,6144,4,0
466,7227,13,0
734,7576,23,0
353,9630,13,0
633,2938,18,0
87,2891,16,0
591,5487,25,0
183,5774,24,0
435,8977,18,0
591,2803,23,0
937,5041,28,0
315,1304,9,0
159,4576,10,0
453,1054,20,0
39,4167,15,0
318,646,5,0
953,8431,2,0
571,7155,17,0
662,6319,17,0
971,2106,9,0
135,3856,24,0
314,6067,8,0
469,4871,13,0
65,4979,18,0
637,1994,17,0
455,2199,12,0
441,8305,5,0
852,8758,10,0
950,3586,23,0
358,7285,12,0
655,4304,20,0
444,1290,7,0
45,2931,19,0
611,9364,5,0
903,6558,14,0
912,8704,7,0
621,6469,11,0
420,4159,8,0
559,9906,16,0
233,6687,20,0
671,3501,14,0
953,2280,4,0
929,3251,6,0
122,9640,14,0
599,1550,16,0
940,4397,6,0
471,283,9,0
478,4607,20,0
549,8434,11,0
605,644,12,0
635,840,11,0
574,4932,11,0
653,4005,29,0
14,1416,24,0
161,9582,14,0
860,8160,13,0
425,5691,13,0
643,8782,19,0
788,2897,5,0
803,597,25,0
360,5511,3,0
469,4831,12,0
131,6966,13,0
61,216,19,0
474,4268,2,0
933,1452,18,0
63,2007,2,0
72,7057,16,0
149,8201,6,0
704,739,2,0
101,6525,12,0
648,4297,18,0
17,9247,13,0
929,1221,16,0
160,3740,15,0
516,6141,9,0
528,1020,4,0
677,7325,27,0
683,2625,5,0
30,6807,10,0
25,3715,27,0
419,6712,20,0
204,6584,14,0
25,5073,24,0
543,763,19,0
385,821,23,0
137,1009,8,0
15,6438,11,0
691,1772,21,0
85,4605,10,0
361,4336,22,0
127,5534,18,0
14,8231,12,0
172,7231,16,0
727,3232,20,0
472,8356,16,0
457,5809,26,0
86,2086,10,0
663,6684,3,0
327,2423,29,0
693,1838,7,0
636,9424,4,0
161,991,21,0
14,1616,22,0
423,1141,24,0
663,507,8,0
173,6551,8,0
332,2065,22,0
504,478,16,0
506,2229,22,0
899,8655,27,0
557,2262,3,0
896,3001,22,0
154,6661,9,0
725,5991,2,0
335,1300,10,0
420,1447,10,0
179,5646,9,0
970,5156,24,0
725,535,24,0
827,8304,22,0
169,5838,21,0
890,9539,16,0
713,4209,4,0
739,3091,18,0
963,9044,24,0
731,9195,20,0
368,3833,8,0
308,4216,4,0
476,3252,14,0
64,9970,3,0
789,2499,26,0
671,5259,11,0
366,2090,23,0
48,6945,24,0
842,8719,14,0
873,7473,26,0
835,7128,11,0
807,2867,16,0
395,9493,3,0
251,3331,26,0
325,5154,8,0
191,6684,8,0
685,4711,18,0
110,8053,23,0
71,9281,9,0
684,750,5,0
154,6151,8,0
722,3099,14,0
378,5761,30,0
641,4470,12,0
381,7841,26,0
254,7701,4,0
134,3849,23,0
383,7046,7,0
304,9763,4,0
203,3410,19,0
656,354,8,0
443,4758,19,0
624,8068,10,0
924,4636,1,0
612,3219,11,0
557,7806,12,0
810,6473,4,0
906,7064,12,0
529,9541,7,0
552,5602,28,0
92,9923,24,0
903,1758,11,0
86,3054,7,0
882,3817,10,0
376,8387,13,0
468,3791,9,0
34,7266,16,0
833,7863,21,0
819,5522,16,0
441,7243,8,0
195,4602,9,0
483,5735,16,0
133,8874,24,0
176,9437,10,0
661,6323,16,0
658,2943,17,0
129,7464,14,0
874,8154,6,0
978,7110,8,0
901,8638,3,0
541,4160,14,0
765,3494,8,0
100,6543,6,0
138,8369,18,0
728,5863,5,0
65,7732,3,0
880,2410,20,0
786,5854,14,0
933,3595,24,0
380,6021,21,0
769,4499,6,0
195,519,27,0
796,6618,16,0
173,7096,6,0
904,3746,15,0
212,5294,8,0
811,8160,26,0
707,6922,22,0
358,3847,7,0
921,3953,16,0
670,3964,1,0
82,5319,20,0
517,641,7,0
693,2212,16,0
931,2256,13,0
399,4772,25,0
44,4052,4,0
759,3291,20,0
470,6317,27,0
779,3085,10,0
922,2992,21,0
696,9427,23,0
117,656,4,0
614,9975,29,0
784,7601,16,0
514,7794,20,0
721,1824,5,0
37,4955,8,0
103,7522,21,0
117,4140,21,0
780,1407,18,0
932,2273,10,0
715,8334,18,0
558,7165,15,0
694,466,21,0
331,7113,28,0
251,7267,17,0
413,8694,6,0
624,9001,12,0
910,3742,17,0
860,7635,15,0
49,201,15,0
578,9131,22,0
265,7330,11,0
965,207,6,0
887,7241,4,0
767,4835,25,0
467,1376,14,0
705,1821,15,0
392,5178,14,0
99,6117,22,0
960,8831,3,0
114,5341,19,0
851,3237,11,0
918,2002,17,0
294,3298,19,0
74,613,23,0
646,4639,15,0
368,851,27,0
607,6202,10,0
832,4418,25,0
593,4965,18,0
370,4791,25,0
10,200,21,0
127,8409,22,0
145,5123,8,0
862,1939,17,0
635,7356,16,0
73,7083,25,0
748,9182,18,0
340,5415,28,0
239,3105,25,0
226,3249,7,0
285,300,8,0
743,4353,5,0
246,741,9,0
82,8043,10,0
292,6555,6,0
968,8542,19,0
725,3236,18,0
466,422,24,0
726,2875,21,0
765,6230,9,0
142,6638,6,0
162,3165,20,0
155,1009,13,0
972,5514,18,0
107,8889,9,0
148,9103,14,0
509,3338,10,0
375,235,1,0
709,3696,11,0
937,7246,22,0
914,7989,21,0
347,4212,1,0
400,6566,12,0
849,5221,7,0
842,1414,15,0
923,5123,15,0
34,7397,10,0
909,8534,9,0
327,6429,15,0
984,6939,4,0
394,2011,2,0
309,5530,18,0
470,1385,12,0
890,5188,1,0
23,3887,13,0
922,9861,10,0
498,4174,26,0
825,7098,14,0
671,1503,19,0
894,9075,14,0
559,3632,25,0
386,7754,7,0
862,7637,18,0
206,6727,5,0
465,5478,9,0
966,188,15,0
311,2647,14,0
504,6523,7,0
956,4314,27,0
746,2887,22,0
363,5404,12,0
759,2294,10,0
681,639,6,0
703,1283,26,0
117,1260,6,0
562,2029,18,0
915,9851,7,0
726,5880,9,0
170,9517,22,0
490,659,4,0
204,6257,5,0
190,8025,11,0
891,9140,26,0
469,6827,18,0
200,3934,15,0
389,6574,5,0
987,4318,5,0
175,9119,5,0
496,492,7,0
766,1854,16,0
827,6169,17,0
606,5810,16,0
946,8304,6,0
857,8152,12,0
211,3843,8,0
588,4444,21,0
204,8484,12,0
512,9782,12,0
378,9157,20,0
141,2693,17,0
704,3732,8,0
507,3807,6,0
439,7962,25,0
229,2149,8,0
414,8276,13,0
816,5816,7,0
619,4261,20,0
257,457,22,0
738,7485,15,0
916,3796,17,0
167,5637,6,0
834,8039,21,0
203,8739,9,0
150,537,15,0
402,1284,28,0
330,3749,8,0
283,6580,22,0
802,1984,3,0
241,5880,14,0
895,6276,19,0
200,9299,13,0
837,3231,10,0
808,857,3,0
52,7930,21,0
725,6903,27,0
426,8875,28,0
580,3023,8,0
601,4838,17,0
586,5795,8,0
669,1776,22,0
29,8188,7,0
873,5686,21,0
760,2027,14,0
572,3721,13,0
125,6442,8,0
739,9613,23,0
721,1289,19,0
936,6454,18,0
309,4836,26,0
346,799,17,0
194,3380,12,0
585,9425,12,0
842,4633,28,0
877,7968,10,0
562,8065,1,0
245,3060,14,0
401,6684,15,0
300,9091,19,0
185,1189,24,0
647,6189,28,0
630,840,14,0
604,9932,1,0
853,1462,5,0
271,428,21,0
188,4931,11,0
489,5716,16,0
959,194,3,0
280,1242,9,0
260,3534,5,0
797,1673,24,0
129,7426,22,0
141,5138,11,0
401,9493,6,0
404,3787,15,0
332,5232,26,0
273,3982,16,0
188,5544,20,0
464,6857,15,0
349,6008,16,0
561,4479,24,0
274,451,19,0
82,1541,28,0
89,3186,14,0
142,1026,9,0
449,2367,7,0
918,9843,17,0
434,2913,6,0
238,5020,5,0
349,2476,25,0
708,198,6,0
916,8553,12,0
146,8244,16,0
138,9304,15,0
264,5028,14,0
681,3553,12,0
594,3858,1,0
599,7092,11,0
587,652,18,0
617,5718,13,0
335,5245,8,0
87,3177,17,0
447,4737,15,0
200,7714,7,0
461,5447,11,0
961,4759,26,0
494,5789,21,0
458,4738,11,0
715,620,7,0
715,9208,21,0
412,5394,16,0
845,1230,24,0
320,5413,19,0
204,9678,2,0
353,8388,18,0
294,8024,3,0
90,2188,18,0
78,822,14,0
966,188,11,0
6,8210,7,0
612,2004,22,0
196,7926,16,0
529,9893,22,0
547,3335,24,0
335,330,20,0
953,662,23,0
395,2008,2,0
320,9628,15,0
356,8217,18,0
925,4635,1,0
844,7937,11,0
891,9626,20,0
385,4783,12,0
965,194,16,0
406,7951,20,0
281,9603,9,0
215,1392,12,0
424,8672,9,0
689,5469,25,0
844,2266,18,0
226,6724,8,0
562,3586,8,0
717,3995,5,0
148,527,11,0
136,8377,18,0
441,5068,19,0
73,7078,23,0
727,5846,17,0
270,4055,23,0
178,9300,25,0
622,1656,16,0
76,1985,21,0
571,1172,4,0
909,3657,17,0
819,3952,15,0
256,722,12,0
340,9624,9,0
956,2031,27,0
474,5153,22,0
679,8371,21,0
50,466,8,0
126,6076,15,0
10,6459,8,0
339,5414,19,0
809,6264,16,0
48,5716,6,0
786,2355,29,0
215,867,8,0
341,7487,11,0
491,3639,2,0
130,7129,22,0
349,3845,13,0
874,754,14,0
368,1914,24,0
847,1231,24,0
13,8182,10,0
934,8841,6,0
981,9032,27,0
596,9344,12,0
698,5040,10,0
344,8672,12,0
672,3621,14,0
94,6531,12,0
968,9603,13,0
583,7394,9,0
918,8541,15,0
114,4593,14,0
99,2187,16,0
376,7282,11,0
484,6406,13,0
872,780,13,0
172,2731,16,0
520,3619,11,0
295,4734,6,0
820,3687,9,0
315,1568,22,0
866,9617,19,0
708,4848,18,0
989,4401,12,0
183,4849,15,0
410,7730,7,0
375,231,1,0
626,5187,4,0
555,9917,11,0
179,6274,2,0
415,5849,28,0
98,220,21,0
121,7500,19,0
657,1720,23,0
473,5745,26,0
490,8173,23,0
268,7432,15,0
857,6697,20,0
181,6273,2,0
117,8132,7,0
420,1760,28,0
403,5376,8,0
894,2006,8,0
384,1336,11,0
165,399,5,0
972,8958,1,0
469,9022,19,0
358,7928,18,0
534,769,13,0
496,8612,26,0
911,6350,24,0
369,7106,9,0
823,5091,14,0
393,8387,25,0
686,6642,7,0
547,4475,20,0
301,6063,10,0
907,7078,10,0
195,9866,15,0
75,4289,8,0
569,8361,13,0
702,1603,12,0
482,6149,7,0
910,470,18,0
72,3342,22,0
872,2750,6,0
279,6195,6,0
501,4469,14,0
308,8017,25,0
969,2523,22,0
755,9927,27,0
658,3977,16,0
603,7094,7,0
32,7163,19,0
256,7356,3,0
694,7382,16,0
418,5262,24,0
365,549,11,0
517,630,15,0
367,678,19,0
545,9101,15,0
105,9912,25,0
122,6401,12,0
288,428,22,0
49,7734,9,0
181,4945,14,0
495,637,14,0
608,9381,15,0
619,1864,7,0
359,9759,20,0
835,8160,22,0
848,8717,16,0
190,5550,23,0
762,7757,20,0
399,5397,27,0
860,1942,15,0
335,2101,27,0
613,9366,4,0
564,4418,11,0
400,450,12,0
950,9685,11,0
966,1250,8,0
891,5572,8,0
249,9257,9,0
498,8990,17,0
878,987,12,0
873,6381,27,0
928,6324,24,0
596,1856,8,0
450,1298,5,0
434,3809,7,0
411,6809,12,0
380,262,9,0
381,2053,7,0
56,2081,15,0
883,5693,13,0
550,7736,17,0
36,4382,20,0
558,9424,17,0
612,6453,20,0
938,416,5,0
133,7017,22,0
278,4384,23,0
619,865,8,0
287,5436,20,0
342,9047,18,0
800,1102,20,0
794,535,25,0
678,9079,15,0
266,985,6,0
691,2703,12,0
363,3245,22,0
654,4597,18,0
860,8025,20,0
537,9553,20,0
657,8882,20,0
30,5596,9,0
124,2341,10,0
31,8746,4,0
698,5419,14,0
34,8864,17,0
408,850,6,0
194,8148,10,0
815,862,6,0
964,5545,15,0
132,676,15,0
597,7417,10,0
253,7268,17,0
239,6765,26,0
759,8587,14,0
412,5386,7,0
364,8731,23,0
114,163,13,0
18,6800,3,0
199,428,25,0
83,5618,7,0
832,5811,6,0
463,8993,22,0
702,1603,11,0
299,3601,11,0
183,4844,16,0
986,4466,19,0
507,4467,12,0
409,2585,13,0
105,5549,16,0
391,847,20,0
263,3945,4,0
604,4820,25,0
877,7991,16,0
199,6257,8,0
247,3260,7,0
99,9584,25,0
720,7714,16,0
130,7082,27,0
29,4288,23,0
303,8399,3,0
47,9358,12,0
672,9772,22,0
250,6763,28,0
445,2604,11,0
792,848,9,0
934,6459,17,0
826,5092,13,0
204,3716,27,0
838,9009,10,0
210,4099,15,0
921,9523,13,0
177,2008,17,0
609,4232,21,0
661,6211,14,0
239,3224,13,0
137,196,13,0
531,8742,27,0
267,997,13,0
136,9886,10,0
509,284,23,0
902,6293,21,0
299,1034,20,0
922,6063,22,0
555,9919,11,0
158,2030,16,0
622,7804,1,0
765,7384,13,0
492,3800,7,0
488,6148,7,0
181,3668,21,0
906,9891,3,0
472,4607,23,0
706,9882,28,0
189,5605,16,0
840,5245,7,0
240,323,15,0
150,537,15,0
615,1606,4,0
100,4100,6,0
727,543,26,0
786,2353,29,0
684,8773,18,0
568,9209,25,0
115,6414,13,0
759,9771,9,0
510,8980,11,0
959,4767,16,0
639,2981,7,0
483,2903,18,0
92,7413,28,0
458,8754,18,0
45,7749,5,0
907,3269,13,0
944,485,15,0
909,6352,27,0
194,3209,16,0
682,6756,3,0
897,7068,16,0
216,6716,7,0
20,4036,12,0
437,5467,5,0
936,3221,11,0
457,2195,11,0
797,5561,7,0
620,6465,12,0
497,9845,10,0
807,6403,24,0
302,4081,13,0
561,4455,25,0
468,8280,25,0
482,2912,14,0
896,1755,10,0
108,8890,4,0
1,4115,13,0
387,7284,12,0
236,3497,10,0
961,6063,13,0
660,478,20,0
141,5734,23,0
346,6464,19,0
512,1498,23,0
284,6556,8,0
95,9623,16,0
323,5537,6,0
14,9480,4,0
121,185,17,0
975,3188,17,0
17,976,4,0
229,9222,18,0
147,5010,17,0
218,3238,13,0
552,138,23,0
964,298,21,0
813,3951,12,0
753,8576,20,0
917,3066,8,0
552,9580,18,0
304,7517,10,0
113,2909,24,0
685,7550,8,0
845,6709,20,0
557,8989,15,0
260,7411,8,0
739,3151,19,0
139,7510,20,0
369,621,6,0
924,6100,20,0
778,3185,14,0
463,5460,10,0
756,7149,7,0
130,2354,10,0
924,3339,27,0
791,822,15,0
343,7901,22,0
381,852,20,0
780,1853,18,0
587,8469,23,0
549,5631,25,0
852,1970,6,0
907,1466,15,0
887,7299,15,0
235,9532,5,0
829,5090,15,0
479,8916,17,0
275,315,16,0
963,5136,21,0
620,7807,6,0
767,3187,5,0
516,4464,9,0
903,1452,20,0
245,540,25,0
750,1739,8,0
145,1267,5,0
196,7139,11,0
298,155,18,0
789,6717,15,0
620,1864,6,0
669,7079,12,0
476,4477,21,0
792,450,15,0
304,6429,19,0
23,4253,22,0
441,5068,19,0
741,1489,26,0
600,7976,21,0
531,770,12,0
371,6787,5,0
980,753,25,0
852,9256,12,0
198,4193,14,0
925,6377,11,0
405,124,16,0
481,1866,8,0
531,7791,17,0
880,863,7,0
599,4843,7,0
230,7254,10,0
215,9357,9,0
564,9889,23,0
752,9931,25,0
905,6355,29,0
828,7108,18,0
879,4419,6,0
521,4152,7,0
695,6739,4,0
262,453,22,0
766,8288,18,0
720,8108,4,0
18,1623,18,0
174,6688,8,0
858,3836,13,0
408,1625,18,0
755,3104,14,0
198,5840,21,0
828,7470,10,0
137,9962,8,0
284,9886,14,0
960,9107,12,0
511,9933,1,0
626,4630,17,0
956,7077,15,0
891,5229,23,0
536,2806,26,0
447,1988,26,0
253,4736,9,0
322,7999,25,0
697,8334,16,0
123,906,6,0
320,7995,25,0
79,6892,11,0
141,5328,20,0
214,4059,21,0
533,3748,23,0
164,395,6,0
840,1468,2,0
621,3487,18,0
884,9580,18,0
28,3916,15,0
516,6068,13,0
545,2528,10,0
651,9721,15,0
336,2099,26,0
638,8561,4,0
197,8533,26,0
622,7096,20,0
800,5286,5,0
275,1048,4,0
693,8336,18,0
732,5890,7,0
125,2866,12,0
164,8711,10,0
344,1073,6,0
729,1367,10,0
133,7095,24,0
451,1161,11,0
949,8539,24,0
817,3521,2,0
106,1103,4,0
893,7072,15,0
398,4775,21,0
543,4163,24,0
765,3717,16,0
150,681,14,0
462,4867,15,0
35,3694,27,0
65,5116,3,0
393,7810,20,0
709,4741,5,0
823,6477,3,0
709,9481,12,0
300,8489,13,0
785,8041,11,0
900,462,19,0
652,8807,18,0
264,843,11,0
747,2867,12,0
658,6206,18,0
854,6851,23,0
618,5722,12,0
774,4335,8,0
952,9661,21,0
26,2945,18,0
132,5155,17,0
534,2647,15,0
69,4419,8,0
390,4198,24,0
132,7111,26,0
429,8085,19,0
737,8090,10,0
639,8530,9,0
947,3356,25,0
405,2449,21,0
940,5261,23,0
565,1196,9,0
167,7875,17,0
155,3970,20,0
939,5286,8,0
486,8843,14,0
391,4180,22,0
416,1060,13,0
152,4159,13,0
912,7061,10,0
400,2470,14,0
895,5567,10,0
948,6442,21,0
970,208,4,0
673,5645,28,0
230,3091,19,0
223,7815,8,0
968,388,12,0
721,510,18,0
937,3651,10,0
516,7370,5,0
901,8658,20,0
466,6364,12,0
140,5145,7,0
624,6085,22,0
712,3526,10,0
851,2383,18,0
432,8411,13,0
299,6436,19,0
66,426,15,0
337,4206,1,0
627,6923,4,0
877,3187,17,0
744,1706,1,0
707,8129,19,0
78,9338,19,0
893,1993,9,0
123,5331,18,0
489,7813,28,0
809,5238,3,0
791,2358,28,0
806,5079,9,0
305,6067,9,0
938,9489,3,0
497,4885,25,0
5,8498,20,0
463,2790,13,0
364,860,13,0
912,9735,16,0
750,9230,24,0
884,4670,13,0
906,7063,12,0
960,8344,3,0
73,5644,10,0
353,8736,24,0
634,5513,17,0
144,7705,4,0
748,9421,16,0
977,4763,29,0
339,9165,22,0
754,2002,13,0
794,798,23,0
919,3652,15,0
223,426,23,0
989,813,19,0
615,1285,18,0
64,2235,14,0
786,6435,6,0
292,3009,6,0
413,7745,7,0
656,4171,15,0
177,1028,9,0
982,3532,16,0
934,6854,19,0
846,7978,8,0
709,960,20,0
326,8671,6,0
740,9696,11,0
357,5261,20,0
119,8003,16,0
803,3703,17,0
690,899,17,0
412,4510,15,0
406,974,27,0
484,6359,16,0
184,7106,13,0
213,5781,19,0
925,403,27,0
511,6146,12,0
546,3191,16,0
362,7466,26,0
354,2433,19,0
251,266,11,0
732,4878,22,0
943,3462,24,0
475,803,18,0
115,7110,16,0
758,6046,8,0
306,300,12,0
692,7252,9,0
841,5592,12,0
386,1874,5,0
188,8076,16,0
940,5825,4,0
47,4182,9,0
459,3793,13,0
509,7182,23,0
58,5954,19,0
145,9019,28,0
197,889,1,0
91,2914,13,0
870,1930,13,0
903,8631,5,0
328,1693,28,0
931,6096,15,0
37,2780,18,0
694,5521,21,0
931,9860,13,0
118,4574,19,0
74,9363,22,0
986,4651,21,0
875,9479,21,0
214,129,9,0
576,9779,14,0
406,8200,12,0
52,219,22,0
49,2585,18,0
144,7701,9,0
519,1700,19,0
702,6947,28,0
554,8364,5,0
123,4362,17,0
50,3704,11,0
438,8186,15,0
773,3723,23,0
151,934,19,0
964,1797,8,0
49,5214,23,0
11,1411,25,0
367,1192,19,0
456,7945,27,0
287,7822,26,0
943,6438,22,0
811,851,26,0
117,1068,21,0
871,5918,7,0
266,7330,11,0
525,6941,22,0
403,1996,1,0
528,6975,10,0
888,3183,12,0
173,5361,23,0
745,5898,7,0
899,422,28,0
166,2495,19,0
748,593,13,0
635,4195,9,0
739,3209,21,0
85,7721,26,0
61,1817,11,0
573,1516,5,0
599,7687,28,0
289,8637,27,0
288,6212,6,0
279,3602,7,0
569,6209,12,0
488,8760,14,0
272,1037,13,0
674,3352,11,0
385,857,8,0
374,1313,20,0
942,7602,9,0
62,2928,16,0
443,5902,6,0
297,8412,5,0
339,5409,6,0
322,8531,12,0
55,7537,13,0
834,9967,18,0
71,270,22,0
507,3789,16,0
964,2823,23,0
938,6420,18,0
458,8061,9,0
80,250,4,0
9,5958,27,0
868,6181,14,0
236,4577,14,0
119,1196,22,0
825,9877,18,0
699,1035,16,0
984,8399,15,0
132,2448,18,0
404,9502,11,0
813,671,25,0
930,3316,21,0
186,2587,11,0
702,958,21,0
917,3035,13,0
528,5859,4,0
304,311,16,0
587,7966,21,0
954,7224,23,0
788,2990,8,0
887,2535,21,0
280,8515,22,0
687,1493,23,0
397,6711,19,0
393,1101,3,0
921,3978,13,0
787,7490,14,0
482,7057,18,0
156,8716,16,0
574,7892,9,0
385,2676,26,0
873,8168,10,0
843,7110,24,0
613,5794,8,0
146,4579,13,0
566,5468,19,0
380,1332,5,0
361,3003,9,0
209,1925,18,0
554,4810,15,0
162,9289,27,0
882,5693,13,0
575,3961,4,0
366,7273,9,0
167,2374,8,0
146,3066,20,0
329,5018,16,0
810,5149,18,0
205,7254,21,0
603,9882,7,0
610,7935,18,0
14,203,21,0
261,1653,11,0
225,6685,17,0
800,2896,17,0
834,8014,8,0
285,3170,5,0
841,3961,24,0
625,1649,14,0
964,2648,30,0
400,7459,25,0
722,3995,4,0
287,8505,19,0
659,4638,15,0
140,8016,18,0
414,2886,12,0
34,4107,6,0
449,283,1,0
130,5750,20,0
988,1719,9,0
160,508,11,0
432,8978,19,0
310,2327,4,0
224,4723,17,0
485,1538,4,0
156,3131,19,0
593,6207,12,0
490,6362,17,0
671,1495,20,0
438,8708,7,0
593,6705,12,0
545,3749,23,0
713,5059,10,0
702,5614,23,0
956,296,23,0
280,709,12,0
145,6142,11,0
689,5622,23,0
32,7204,10,0
243,7271,15,0
135,677,15,0
30,2135,20,0
978,7967,23,0
97,759,19,0
497,4882,25,0
332,5416,27,0
639,8823,15,0
730,7869,20,0
979,1242,8,0
933,5289,11,0
424,5374,7,0
228,1462,6,0
358,5261,20,0
268,9682,14,0
808,6263,16,0
395,151,22,0
70,7608,26,0
487,5063,22,0
702,8544,15,0
600,1973,11,0
36,2648,12,0
713,9090,20,0
632,648,10,0
197,7902,9,0
268,8988,20,0
455,7231,9,0
27,2697,9,0
983,8283,14,0
323,7392,26,0
338,5697,22,0
285,6282,27,0
184,6686,8,0
644,9187,10,0
853,8146,17,0
156,8282,25,0
296,2312,17,0
508,676,6,0
495,683,8,0
241,9859,12,0
297,8414,5,0
418,9028,24,0
339,5507,4,0
406,1288,22,0
923,3611,23,0
725,8119,17,0
385,5376,21,0
368,6501,21,0
391,2877,17,0
499,7801,23,0
779,540,24,0
75,759,21,0
7,8538,19,0
886,3183,13,0
591,2154,28,0
904,4257,21,0
364,2582,22,0
960,8733,9,0
383,6791,11,0
278,7962,12,0
176,960,18,0
809,1690,22,0
947,1528,13,0
644,9214,14,0
899,446,28,0
597,4859,7,0
467,5769,25,0
31,9843,26,0
941,2279,7,0
566,9214,22,0
133,903,8,0
409,5381,6,0
220,1478,19,0
600,9948,11,0
148,9651,4,0
348,1037,5,0
969,1661,15,0
845,2731,4,0
554,5480,8,0
477,3788,8,0
295,9084,17,0
47,3194,16,0
320,3569,18,0
63,4283,20,0
23,6713,21,0
365,7741,4,0
768,3716,18,0
153,5653,14,0
41,7939,7,0
453,7073,14,0
826,1084,10,0
344,2903,20,0
982,8190,10,0
520,5740,6,0
813,853,23,0
745,6885,14,0
228,7143,15,0
63,9129,25,0
349,5923,21,0
758,6046,8,0
522,9014,6,0
702,958,21,0
115,3045,5,0
255,9547,13,0
860,784,13,0
138,4131,15,0
595,3313,13,0
418,3565,26,0
924,5024,10,0
689,2661,16,0
819,9051,11,0
761,2489,24,0
568,4025,9,0
680,3120,15,0
834,6411,14,0
288,3585,15,0
34,7014,9,0
746,7812,10,0
982,8190,10,0
790,6856,7,0
273,5443,24,0
956,9664,16,0
838,9064,22,0
748,1703,3,0
859,7883,23,0
877,1413,9,0
280,4979,26,0
112,2893,19,0
600,5807,15,0
974,4055,22,0
430,5913,29,0
49,2260,12,0
508,596,25,0
719,4745,18,0
476,422,20,0
640,2433,3,0
420,5372,24,0
93,1077,25,0
922,4403,17,0
307,8512,16,0
344,653,6,0
532,9548,10,0
944,9868,12,0
795,7699,23,0
631,4632,10,0
578,7895,8,0
732,9106,21,0
21,5991,27,0
296,3577,7,0
441,1161,21,0
483,8736,9,0
466,9160,4,0
213,4074,27,0
294,1662,19,0
91,3868,17,0
613,1836,8,0
330,7284,2,0
667,5481,1,0
510,8237,11,0
121,5497,12,0
407,4358,8,0
341,8997,19,0
710,7111,7,0
406,5227,14,0
893,6704,4,0
466,8350,16,0
471,1845,5,0
391,7138,10,0
916,7344,2,0
174,2311,1,0
754,9510,23,0
269,1012,15,0
190,1039,7,0
411,3565,27,0
628,4577,14,0
285,7277,16,0
235,3496,16,0
578,2848,20,0
262,9996,22,0
993,4454,22,0
820,6587,19,0
562,4471,6,0
65,4292,22,0
625,6467,12,0
960,6737,23,0
687,8194,10,0
17,4114,10,0
372,1728,27,0
746,1701,2,0
200,6597,8,0
194,8706,21,0
422,2589,13,0
691,6651,3,0
791,3856,7,0
104,3008,18,0
58,4301,15,0
259,9676,18,0
35,4299,18,0
22,8188,5,0
929,1419,3,0
686,3604,22,0
415,127,16,0
926,8618,12,0
124,3747,13,0
871,8228,4,0
93,374,18,0
552,7883,14,0
779,7747,23,0
302,6073,10,0
145,3955,7,0
940,5039,26,0
666,713,2,0
944,8430,2,0
186,4442,15,0
440,4184,7,0
897,4179,16,0
917,3260,19,0
892,789,8,0
691,6944,26,0
287,4249,25,0
430,2896,17,0
199,5575,24,0
77,9088,25,0
463,814,19,0
660,404,18,0
26,8870,14,0
723,5991,18,0
20,9707,19,0
691,5441,9,0
577,9610,21,0
661,3664,17,0
729,5095,17,0
858,5358,5,0
799,505,20,0
886,6338,20,0
913,9837,15,0
618,6761,12,0
173,3434,24,0
950,8810,10,0
770,883,19,0
910,8624,4,0
512,280,21,0
714,5542,19,0
399,6967,18,0
527,3878,8,0
605,8620,7,0
628,3337,9,0
229,7269,18,0
809,6467,4,0
336,5416,28,0
768,448,15,0
75,9644,10,0
366,5549,4,0
704,4483,21,0
562,1207,12,0
10,4536,11,0
730,9900,27,0
258,724,14,0
778,4245,8,0
434,8977,18,0
177,8698,22,0
642,5213,8,0
11,206,21,0
491,8180,9,0
344,1013,5,0
635,3340,7,0
378,6023,17,0
783,3190,13,0
111,2868,11,0
416,8884,11,0
159,7517,19,0
211,7137,13,0
215,4060,21,0
449,3303,22,0
633,5513,20,0
899,3184,10,0
134,2891,24,0
420,4173,8,0
626,9901,9,0
205,1381,15,0
715,9441,23,0
992,6818,18,0
818,9820,8,0
835,3346,21,0
120,6961,15,0
929,2274,8,0
848,7975,9,0
891,1880,1,0
944,8412,2,0
355,2577,24,0
950,4414,9,0
424,2891,17,0
833,5222,8,0
374,848,6,0
114,8109,10,0
760,7507,14,0
219,2481,13,0
346,3628,22,0
76,6189,8,0
335,3402,18,0
240,3097,22,0
846,6145,22,0
960,2921,12,0
12,5417,28,0
148,8203,15,0
146,5761,23,0
920,3738,20,0
621,7806,1,0
144,2476,19,0
867,9326,25,0
228,8835,9,0
60,4862,11,0
187,6704,5,0
945,4388,8,0
508,8191,18,0
323,9257,9,0
927,5470,25,0
510,9500,4,0
26,7424,24,0
457,8905,21,0
139,1067,13,0
699,1386,12,0
524,324,20,0
195,3870,7,0
535,8577,21,0
156,7519,18,0
404,7041,9,0
343,8488,10,0
877,1923,6,0
947,5439,14,0
596,8847,6,0
265,9515,12,0
656,1102,9,0
508,6111,19,0
529,5145,16,0
279,7533,7,0
387,1293,27,0
904,7488,25,0
515,1636,18,0
256,2633,7,0
600,3911,13,0
862,1091,5,0
317,8641,14,0
975,6831,13,0
985,4387,6,0
292,1663,18,0
431,8393,17,0
431,8675,10,0
330,8192,13,0
498,6811,12,0
335,9282,18,0
302,6556,5,0
722,3666,14,0
822,1072,16,0
281,6924,18,0
320,6087,16,0
305,2746,7,0
838,4421,22,0
439,4864,5,0
728,5805,12,0
773,7218,5,0
596,9659,16,0
393,3025,19,0
448,1412,13,0
349,6921,15,0
455,1285,19,0
253,2302,15,0
316,448,22,0
499,5771,28,0
937,3709,2,0
355,865,19,0
441,294,6,0
745,601,10,0
528,6118,10,0
119,9083,24,0
877,3358,27,0
559,3595,13,0
766,3166,21,0
863,8746,4,0
404,9484,16,0
374,5546,5,0
898,5764,25,0
537,6092,15,0
697,2718,14,0
300,5109,20,0
898,8832,13,0
703,3728,8,0
174,6688,8,0
733,6898,28,0
691,4750,6,0
457,6537,19,0
93,1091,20,0
609,2059,24,0
89,9670,11,0
438,1553,14,0
649,1954,10,0
331,7284,6,0
51,2130,10,0
694,2450,18,0
946,5608,13,0
104,3490,24,0
39,2969,9,0
371,2576,17,0
617,3843,20,0
979,6104,25,0
55,7391,11,0
936,5524,16,0
283,4244,10,0
574,7892,9,0
896,8557,7,0
364,796,17,0
957,7374,10,0
106,216,12,0
499,8595,21,0
15,1778,18,0
256,7716,5,0
207,3715,28,0
16,1429,23,0
191,426,25,0
55,8168,13,0
150,7513,18,0
341,7487,12,0
866,4615,2,0
166,392,7,0
690,7091,13,0
656,5430,19,0
351,3413,16,0
73,2029,6,0
684,7263,11,0
571,6555,4,0
988,9006,22,0
23,4042,16,0
333,2095,12,0
900,6359,29,0
989,766,24,0
242,1558,27,0
118,7065,19,0
366,852,28,0
510,624,20,0
805,9060,14,0
428,9045,24,0
59,489,6,0
800,7633,14,0
737,7743,15,0
33,3916,15,0
378,7142,9,0
316,5525,15,0
738,6420,12,0
669,185,21,0
165,1975,19,0
664,759,8,0
497,458,14,0
21,1708,14,0
664,3970,6,0
730,9707,12,0
643,1951,11,0
632,2044,23,0
523,523,21,0
842,1513,14,0
180,2551,22,0
415,8679,10,0
232,775,19,0
901,8012,16,0
307,441,25,0
604,4818,22,0
795,9846,9,0
290,2664,11,0
990,8306,4,0
665,2194,20,0
197,8168,4,0
921,9831,19,0
368,3007,15,0
628,9340,15,0
412,968,28,0
371,2586,21,0
73,1962,15,0
262,293,8,0
557,9825,15,0
583,7962,21,0
618,3307,11,0
571,7709,12,0
924,9528,12,0
352,4224,6,0
946,9883,11,0
772,859,20,0
632,5198,9,0
609,369,13,0
417,131,16,0
415,8852,21,0
407,6547,20,0
441,4760,9,0
911,7341,3,0
753,8579,25,0
567,6441,10,0
38,5429,20,0
727,1547,24,0
533,9382,15,0
527,3014,21,0
897,4209,10,0
943,6943,10,0
831,7301,21,0
634,8009,20,0
21,299,11,0
383,1910,29,0
960,7590,9,0
338,6314,18,0
997,2731,18,0
875,3004,18,0
816,5703,11,0
185,8684,20,0
387,4782,11,0
946,8527,18,0
804,8619,23,0
409,4350,9,0
372,2583,21,0
347,1273,16,0
69,2936,15,0
393,4174,23,0
600,643,13,0
23,5673,13,0
977,5751,13,0
474,2474,20,0
915,6301,22,0
686,5500,7,0
932,9721,22,0
263,1930,17,0
891,5441,23,0
559,4460,24,0
866,4419,13,0
114,4981,18,0
68,8195,16,0
853,9463,22,0
308,3837,17,0
179,8814,18,0
959,6737,23,0
340,156,20,0
204,9311,18,0
546,3859,4,0
115,7067,16,0
512,1300,13,0
19,4361,24,0
767,9200,12,0
632,8018,18,0
586,4042,23,0
283,4735,6,0
449,2638,11,0
902,9875,5,0
561,4601,26,0
406,7757,9,0
942,5417,20,0
166,2304,1,0
595,1200,7,0
973,3197,17,0
564,4477,18,0
83,8320,15,0
374,1186,23,0
726,9197,21,0
820,2322,17,0
115,2013,8,0
616,6469,16,0
159,5172,7,0
891,5228,23,0
749,711,21,0
331,3807,15,0
373,4387,19,0
345,3406,15,0
31,5599,8,0
450,2473,18,0
719,483,13,0
942,4087,21,0
634,8514,21,0
819,664,27,0
920,4923,21,0
440,6766,21,0
396,1351,27,0
23,4145,21,0
883,5411,22,0
665,4005,28,0
791,3971,12,0
940,6437,16,0
296,9105,10,0
111,9590,25,0
972,6792,14,0
350,7478,16,0
488,9923,1,0
399,2163,15,0
591,4047,26,0
887,1955,26,0
875,1434,10,0
469,3793,6,0
371,4407,20,0
69,7671,28,0
457,5152,5,0
977,7967,22,0
771,5091,19,0
933,1437,11,0
564,4477,18,0
307,4978,23,0
747,3040,16,0
461,8342,15,0
838,2495,6,0
987,2611,15,0
108,1082,3,0
869,8236,5,0
837,4202,17,0
821,6312,11,0
551,5279,26,0
539,1745,21,0
361,5536,4,0
508,8730,24,0
421,2888,17,0
830,4417,18,0
330,2132,16,0
682,1518,20,0
213,6475,12,0
570,7926,16,0
323,1476,20,0
159,3144,12,0
336,5686,24,0
686,2646,11,0
907,593,13,0
339,6441,17,0
56,8760,6,0
650,5658,21,0
630,3335,7,0
28,2702,12,0
338,7491,22,0
764,3105,13,0
501,3347,8,0
872,3269,5,0
941,4763,20,0
173,9447,17,0
376,3404,10,0
218,7251,23,0
92,2797,19,0
316,2317,5,0
657,5493,27,0
207,6257,3,0
312,7279,13,0
11,8497,13,0
28,4057,4,0
833,6272,16,0
788,9329,14,0
110,9649,10,0
559,675,28,0
373,6694,21,0
48,5095,17,0
322,2081,11,0
206,5752,15,0
528,3345,15,0
594,9727,1,0
751,9857,9,0
93,166,14,0
103,8309,26,0
800,3139,16,0
983,8721,23,0
587,6455,14,0
205,8652,11,0
626,1834,6,0
632,4572,14,0
271,3477,15,0
167,7093,3,0
371,2584,21,0
741,1650,14,0
204,6583,15,0
511,1503,23,0
10,7164,20,0
475,4576,7,0
601,7122,12,0
849,8767,4,0
910,3069,7,0
337,5314,20,0
331,5660,6,0
760,2287,6,0
894,5099,13,0
21,8066,12,0
847,9473,20,0
206,6258,6,0
505,4183,28,0
51,3069,12,0
55,2934,16,0
617,7115,12,0
96,5433,9,0
143,5774,20,0
21,3907,16,0
270,1028,8,0
600,870,17,0
331,4976,22,0
701,9084,19,0
335,5639,10,0
46,2773,17,0
44,332,21,0
247,6157,10,0
286,8000,4,0
482,1310,27,0
154,5176,10,0
494,2886,6,0
887,1954,22,0
90,3654,24,0
294,6982,22,0
395,2427,29,0
302,1956,19,0
663,9226,12,0
861,7887,23,0
814,1996,7,0
416,8889,10,0
817,9057,22,0
973,9066,24,0
148,8258,22,0
155,9098,14,0
138,2859,16,0
767,9840,9,0
595,1839,5,0
95,7090,10,0
583,5475,3,0
317,6008,16,0
337,9622,8,0
886,3082,15,0
28,6490,20,0
51,4014,10,0
244,7314,19,0
641,7473,5,0
25,8860,18,0
578,3751,3,0
195,134,4,0
729,343,7,0
195,3724,17,0
909,8018,17,0
318,5303,21,0
984,9383,13,0
943,5027,20,0
934,9838,9,0
922,6120,18,0
358,7725,2,0
327,1305,17,0
164,8864,8,0
829,7574,15,0
129,7474,12,0
606,7096,15,0
601,2388,12,0
186,5691,10,0
682,4180,4,0
333,611,2,0
108,7438,22,0
174,5656,13,0
876,9059,16,0
233,4216,11,0
203,9300,9,0
161,3632,14,0
397,6791,15,0
314,8997,19,0
515,1108,18,0
260,9039,9,0
273,3974,14,0
228,8482,16,0
376,1347,13,0
392,440,9,0
438,6806,2,0
481,1542,4,0
349,8385,17,0
596,2293,14,0
379,8386,22,0
760,3707,11,0
82,5851,11,0
251,670,19,0
630,8627,11,0
964,2663,25,0
53,8098,12,0
260,6549,8,0
914,5812,23,0
81,7530,17,0
602,9648,20,0
522,9791,22,0
814,2373,16,0
797,582,25,0
684,5622,24,0
960,6007,3,0
194,2568,8,0
903,7415,20,0
131,9556,21,0
643,6994,24,0
931,1117,14,0
188,6611,7,0
118,6508,11,0
118,3419,15,0
570,2201,15,0
218,3020,25,0
733,1547,23,0
397,2463,15,0
881,1188,2,0
583,9687,6,0
284,7853,18,0
202,7132,13,0
104,9592,25,0
244,7696,2,0
104,9646,10,0
271,7819,13,0
472,5406,11,0
522,239,19,0
173,8892,11,0
666,6220,7,0
95,2813,21,0
788,8233,4,0
221,9382,6,0
497,6713,13,0
369,8727,21,0
329,2760,13,0
978,7081,17,0
907,5586,5,0
432,8084,15,0
684,5499,10,0
187,6274,5,0
201,5610,17,0
918,6566,6,0
988,6657,14,0
143,5118,10,0
187,1340,18,0
779,3143,26,0
580,6911,28,0
696,5408,6,0
600,4836,7,0
828,796,16,0
270,2314,17,0
583,6213,17,0
529,4161,24,0
7,7856,28,0
252,179,11,0
606,7805,7,0
178,6884,22,0
392,7285,12,0
589,6973,21,0
909,4718,8,0
306,6965,17,0
398,7772,12,0
465,5773,11,0
803,4526,23,0
914,3068,6,0
711,3781,6,0
237,9703,12,0
930,4000,11,0
525,8623,22,0
892,6730,16,0
701,5534,18,0
299,8648,16,0
487,2181,8,0
979,4055,16,0
179,8915,2,0
421,5391,8,0
143,5752,27,0
923,9962,8,0
955,2917,16,0
562,643,9,0
421,1444,9,0
195,1479,19,0
651,7265,4,0
872,1973,5,0
311,7958,22,0
133,2858,6,0
818,7874,19,0
909,962,8,0
280,3125,27,0
194,6587,17,0
457,4300,7,0
15,972,5,0
208,9327,11,0
87,1096,21,0
826,2362,18,0
639,9928,24,0
909,3069,7,0
285,4061,22,0
963,227,1,0
390,6792,14,0
952,2619,14,0
46,4268,15,0
967,2655,24,0
374,1710,26,0
381,8073,25,0
771,9937,26,0
767,6783,2,0
177,8351,13,0
496,2540,1,0
483,3750,26,0
272,1273,10,0
764,9709,12,0
339,2427,26,0
11,8413,18,0
43,1972,1,0
985,1258,13,0
965,5871,14,0
516,1014,5,0
101,6052,5,0
580,118,13,0
562,2360,19,0
531,5299,24,0
661,526,11,0
827,7648,17,0
629,6771,10,0
436,4860,9,0
84,9364,26,0
931,7608,10,0
273,5247,27,0
752,233,17,0
223,738,25,0
421,1723,21,0
27,4035,16,0
656,3995,25,0
97,8305,26,0
558,6491,7,0
816,1055,16,0
219,6735,2,0
942,6438,14,0
867,3826,13,0
414,5370,6,0
823,8744,13,0
199,6263,2,0
604,1040,23,0
611,4980,17,0
471,3139,15,0
200,6694,13,0
169,3172,9,0
857,1956,2,0
790,3973,11,0
444,8956,20,0
738,1392,13,0
433,2724,19,0
172,6287,14,0
370,5170,15,0
866,6168,21,0
578,1525,4,0
256,726,7,0
229,8837,23,0
694,4745,3,0
546,3190,17,0
616,3312,11,0
156,4968,15,0
485,4302,6,0
550,940,5,0
526,762,16,0
734,1291,13,0
37,7948,5,0
100,5478,8,0
15,6439,11,0
191,7897,13,0
703,1594,10,0
135,5149,15,0
538,9536,20,0
320,7080,28,0
610,1989,8,0
864,9407,27,0
851,7470,21,0
777,8215,4,0
165,9122,9,0
646,9922,25,0
370,9159,20,0
429,5358,7,0
167,8728,6,0
581,1498,12,0
677,3504,13,0
86,9083,25,0
289,6199,6,0
453,5918,3,0
907,1473,18,0
179,9685,7,0
172,1023,10,0
495,3745,26,0
818,5082,8,0
674,8286,25,0
708,6717,4,0
645,1991,14,0
334,9626,8,0
493,2627,15,0
676,8542,15,0
478,5803,20,0
940,6048,10,0
695,2450,18,0
666,8158,12,0
427,8057,8,0
282,1941,1,0
906,2715,18,0
907,5822,21,0
267,3028,8,0
40,8098,11,0
228,7496,6,0
132,8257,22,0
347,5709,24,0
676,4186,8,0
704,3135,18,0
964,2117,11,0
779,9595,7,0
613,9375,14,0
19,992,18,0
506,1672,15,0
40,7426,28,0
396,2822,21,0
114,190,25,0
922,7488,27,0
811,7631,12,0
986,3610,13,0
940,3175,17,0
505,2514,8,0
900,8645,17,0
206,6260,10,0
208,9003,15,0
785,2376,17,0
691,4503,22,0
661,480,18,0
218,4093,26,0
322,7998,25,0
360,3017,20,0
823,3009,6,0
247,4426,15,0
435,9904,9,0
768,7195,4,0
448,439,18,0
345,2912,15,0
246,5559,18,0
296,9556,6,0
567,1044,6,0
383,1358,25,0
263,9648,18,0
447,8082,8,0
734,938,8,0
988,8711,22,0
643,7521,5,0
423,5379,6,0
503,8621,25,0
359,5660,25,0
60,3509,12,0
535,7795,16,0
815,1956,13,0
44,4286,10,0
42,3229,16,0
285,6276,15,0
66,4918,8,0
607,6207,15,0
413,311,17,0
433,4807,18,0
929,3968,26,0
885,5116,15,0
75,8814,3,0
322,2765,18,0
599,8959,15,0
973,4363,24,0
17,8474,6,0
858,1476,17,0
289,7877,21,0
986,1787,27,0
610,6172,10,0
273,9649,17,0
50,1773,20,0
907,179,14,0
379,7154,9,0
521,5723,18,0
430,5929,9,0
528,5723,23,0
560,6485,19,0
693,5408,6,0
273,335,6,0
875,5907,5,0
398,4419,11,0
374,5166,13,0
309,8996,19,0
387,5870,23,0
579,7908,10,0
547,7748,11,0
913,8547,11,0
384,2024,11,0
120,7459,16,0
196,6265,2,0
313,6067,9,0
391,4356,16,0
257,3133,29,0
408,1368,11,0
402,4376,6,0
274,1089,12,0
757,944,15,0
773,9610,17,0
448,3160,22,0
215,5528,19,0
494,1325,6,0
849,9415,26,0
223,2291,20,0
377,698,19,0
471,6364,13,0
731,9208,24,0
971,864,7,0
910,6347,24,0
336,8632,10,0
586,1045,14,0
80,9647,11,0
134,1071,15,0
167,7091,3,0
143,9856,15,0
391,5502,5,0
721,6031,22,0
125,2426,11,0
832,8165,22,0
393,7481,25,0
456,1582,12,0
458,4190,8,0
50,729,14,0
324,6424,17,0
662,8524,20,0
52,731,11,0
521,9009,7,0
221,4998,7,0
868,6932,14,0
614,4378,14,0
66,3190,15,0
254,7290,17,0
61,583,22,0
515,9781,24,0
990,7156,25,0
290,9897,14,0
323,6944,15,0
170,5351,21,0
345,116,19,0
172,3169,18,0
38,5423,19,0
765,285,23,0
19,8135,7,0
757,1397,15,0
519,6057,2,0
301,2314,18,0
336,8194,11,0
52,8845,9,0
140,5108,13,0
577,129,22,0
412,8487,3,0
688,5645,25,0
75,661,6,0
501,483,13,0
520,241,10,0
401,5397,25,0
675,6770,6,0
4,8203,7,0
462,5452,10,0
320,9088,12,0
188,3458,22,0
273,3964,10,0
54,1888,12,0
678,8125,14,0
469,1578,9,0
678,2750,17,0
88,9952,19,0
42,2962,11,0
950,6741,24,0
508,1046,20,0
232,754,21,0
246,741,9,0
73,595,25,0
905,5851,17,0
218,5865,13,0
648,4719,6,0
259,7266,16,0
430,5839,27,0
721,4495,10,0
971,8342,2,0
266,3497,13,0
374,3608,9,0
772,9690,17,0
305,9986,14,0
207,1757,9,0
347,7732,2,0
872,1958,15,0
83,6891,13,0
713,7714,16,0
801,8802,14,0
943,6031,9,0
201,3718,27,0
969,8542,18,0
949,1501,13,0
621,1074,17,0
877,9409,27,0
936,5694,18,0
264,835,12,0
652,7207,8,0
394,436,10,0
273,1309,16,0
885,8178,25,0
466,8606,25,0
225,7493,6,0
24,2165,19,0
733,9194,19,0
976,6829,14,0
450,1963,13,0
922,1438,11,0
793,9661,17,0
852,756,15,0
843,7104,27,0
762,6948,25,0
321,7500,17,0
606,3223,9,0
590,9616,23,0
649,1178,20,0
873,3784,7,0
149,5299,19,0
428,9032,24,0
160,3468,25,0
880,9072,29,0
233,743,22,0
805,849,21,0
610,1252,8,0
917,4633,4,0
114,3052,9,0
840,8734,9,0
351,4419,17,0
775,3073,18,0
736,7577,23,0
575,7405,7,0
978,1774,20,0
638,3847,22,0
45,6503,19,0
409,1629,18,0
702,7881,22,0
928,5537,14,0
773,5757,22,0
487,8170,24,0
454,2172,10,0
924,6107,19,0
873,9399,25,0
633,6461,15,0
710,4770,27,0
67,214,17,0
928,7477,28,0
622,3231,3,0
120,6402,12,0
39,5817,16,0
732,9211,25,0
87,7511,25,0
560,3619,19,0
815,9697,15,0
878,6895,15,0
280,1049,21,0
192,1770,9,0
798,8927,27,0
371,1322,3,0
228,167,7,0
463,4751,13,0
319,9708,12,0
489,8259,12,0
943,4641,7,0
407,8854,16,0
663,6317,17,0
756,1397,15,0
84,375,20,0
585,9909,8,0
432,8893,13,0
321,8463,14,0
932,6661,16,0
134,198,13,0
672,724,5,0
915,6870,19,0
327,5300,22,0
890,9963,9,0
159,5172,7,0
498,7492,9,0
197,7710,2,0
698,6953,13,0
41,8859,19,0
399,7287,12,0
460,5152,5,0
601,4990,11,0
13,306,13,0
59,4088,7,0
486,4152,18,0
591,1527,10,0
815,8808,7,0
439,2875,17,0
970,5156,24,0
294,7004,20,0
976,3092,18,0
785,8813,12,0
326,9763,10,0
135,5149,15,0
383,7243,2,0
912,1227,15,0
637,9426,4,0
786,6700,2,0
183,7929,9,0
792,8176,22,0
655,1719,22,0
340,8236,12,0
753,6441,22,0
411,1430,12,0
361,4322,21,0
663,3644,14,0
567,4004,6,0
75,2840,25,0
746,7776,12,0
729,4475,8,0
56,2764,17,0
942,3700,2,0
393,4164,22,0
362,7285,12,0
373,1371,22,0
65,5281,25,0
825,3667,8,0
693,7480,11,0
739,714,24,0
634,6178,22,0
884,7328,9,0
505,4890,26,0
961,2240,19,0
318,3358,23,0
164,9008,24,0
730,3668,10,0
530,9547,11,0
14,6440,11,0
639,6872,8,0
721,9742,4,0
649,646,14,0
67,353,26,0
438,8069,4,0
319,3837,22,0
779,8178,19,0
971,8415,12,0
765,7232,6,0
559,9824,15,0
136,5536,18,0
315,7025,14,0
86,7733,2,0
342,1091,6,0
703,1126,13,0
408,449,13,0
534,1114,19,0
942,3653,8,0
408,6946,14,0
165,8819,9,0
697,3693,11,0
23,6415,17,0
808,7844,19,0
830,9785,2,0
409,6804,14,0
730,5812,18,0
447,8732,9,0
928,5057,11,0
102,2885,11,0
533,2619,13,0
829,869,15,0
274,714,11,0
429,9894,13,0
337,2102,13,0
873,8564,2,0
202,1273,16,0
334,9072,18,0
505,1650,22,0
68,4288,25,0
73,2750,15,0
547,762,19,0
925,9699,22,0
31,6492,21,0
952,8423,6,0
389,5864,26,0
741,8083,8,0
921,3830,19,0
243,7189,17,0
679,7092,7,0
418,1423,9,0
927,5793,19,0
897,5405,11,0
976,8969,5,0
148,2291,3,0
110,7082,11,0
965,9051,26,0
71,7505,15,0
571,1844,10,0
232,776,19,0
966,1552,5,0
421,2284,29,0
489,1331,15,0
724,5067,14,0
125,1290,19,0
368,678,19,0
805,3078,20,0
721,1824,5,0
959,8842,5,0
88,7511,17,0
502,403,24,0
927,9071,15,0
919,8193,22,0
691,8156,7,0
512,1384,14,0
372,5254,13,0
523,9432,17,0
511,1010,4,0
557,1247,21,0
441,8938,22,0
104,230,2,0
105,3039,2,0
195,7498,12,0
85,7481,6,0
933,9842,11,0
719,7844,27,0
660,528,14,0
13,7420,28,0
901,5277,17,0
714,702,20,0
675,4294,26,0
396,4116,16,0
573,3851,1,0
30,1478,16,0
672,3130,9,0
71,3341,22,0
832,4204,15,0
938,5713,18,0
68,2009,2,0
628,1657,17,0
426,1046,15,0
590,6970,20,0
863,9334,25,0
204,2085,22,0
944,5258,22,0
864,5873,17,0
701,7160,25,0
196,6259,8,0
964,8733,8,0
923,9865,15,0
532,310,27,0
928,2649,13,0
69,2017,3,0
395,8228,15,0
877,8164,13,0
983,2635,15,0
168,401,6,0
520,240,10,0
549,5657,20,0
275,9997,20,0
416,7111,8,0
868,5070,23,0
432,7953,23,0
828,4414,11,0
606,4347,16,0
716,7133,22,0
334,1700,29,0
875,7505,23,0
334,5692,25,0
441,9917,9,0
116,9085,24,0
242,7177,17,0
319,5154,8,0
855,9594,11,0
478,5154,11,0
703,1264,27,0
944,3167,16,0
149,1019,7,0
937,3140,7,0
768,3499,2,0
193,7095,16,0
956,8740,10,0
701,1035,8,0
156,796,25,0
657,9430,15,0
495,5844,7,0
934,2276,9,0
456,1997,12,0
330,5656,4,0
468,8998,24,0
235,7030,4,0
864,6909,23,0
947,6864,12,0
518,4463,10,0
390,6674,14,0
477,9919,1,0
92,5339,17,0
588,3905,11,0
634,4374,12,0
117,5185,29,0
215,4082,26,0
966,3517,23,0
362,4334,23,0
919,3638,13,0
100,9882,10,0
402,4171,20,0
676,5036,14,0
356,6005,23,0
432,5674,26,0
611,1613,4,0
542,9884,24,0
109,8023,18,0
590,7184,23,0
266,9408,5,0
503,4179,22,0
432,572,11,0
147,9293,28,0
115,7984,11,0
639,5799,17,0
76,1988,20,0
915,462,25,0
150,1905,26,0
885,4363,27,0
941,5255,19,0
67,8872,13,0
399,6564,7,0
607,9382,16,0
790,3105,12,0
491,2189,8,0
749,8167,14,0
181,9287,25,0
283,4239,11,0
137,5744,20,0
226,4216,10,0
158,2364,3,0
247,7315,17,0
131,3049,17,0
803,551,25,0
324,8226,4,0
469,5156,24,0
283,3464,16,0
21,9026,15,0
945,394,16,0
977,7759,6,0
126,4585,17,0
338,862,16,0
38,9125,26,0
372,6023,14,0
853,8706,7,0
41,5089,23,0
23,6489,17,0
417,3596,26,0
639,7563,9,0
535,4468,7,0
871,4614,29,0
600,3319,14,0
277,1055,5,0
36,7262,14,0
933,3340,28,0
113,4110,8,0
662,2193,20,0
883,4877,20,0
637,7251,3,0
114,5522,19,0
746,1698,3,0
169,3172,10,0
670,1963,5,0
753,447,15,0
24,3895,14,0
236,547,29,0
442,8937,23,0
924,471,23,0
651,4830,20,0
704,6027,21,0
460,8077,1,0
959,5593,2,0
91,2211,14,0
514,349,25,0
195,6266,2,0
909,3268,14,0
370,6708,24,0
52,8739,6,0
291,173,18,0
77,662,7,0
847,3245,11,0
275,6136,14,0
703,6746,9,0
383,5186,19,0
887,7972,12,0
377,344,23,0
877,4160,12,0
515,1013,5,0
247,9005,16,0
275,3560,7,0
310,2316,18,0
399,7454,24,0
458,1368,15,0
769,8535,28,0
851,9590,9,0
522,234,9,0
952,6023,2,0
217,7250,24,0
601,4639,17,0
567,3327,26,0
108,6534,13,0
457,8912,21,0
955,6452,19,0
924,8547,12,0
595,1157,14,0
615,7354,2,0
122,913,10,0
842,9778,3,0
634,4162,21,0
759,4515,17,0
729,5806,19,0
284,1431,7,0
940,9709,8,0
929,2648,13,0
122,8236,21,0
925,3338,29,0
291,1550,16,0
548,761,20,0
97,6638,3,0
129,3145,23,0
478,5737,18,0
753,7138,4,0
679,2424,21,0
640,7219,5,0
24,5954,24,0
917,1461,15,0
736,8625,19,0
933,425,3,0
723,1326,12,0
778,3138,27,0
70,6412,10,0
157,8843,18,0
433,6259,15,0
314,7512,14,0
942,9488,5,0
53,1993,4,0
179,410,12,0
165,4450,15,0
4,948,13,0
110,6872,18,0
681,1513,15,0
809,3355,15,0
270,7806,10,0
31,3714,21,0
409,2007,25,0
492,3144,13,0
439,573,12,0
984,6939,4,0
338,5688,27,0
924,3932,19,0
93,2851,18,0
599,7111,15,0
97,6638,3,0
705,3561,16,0
225,9537,3,0
274,5250,27,0
832,455,15,0
180,5556,23,0
986,6117,17,0
605,6439,15,0
176,2301,8,0
337,4857,21,0
820,7095,25,0
965,945,14,0
398,437,10,0
143,8109,23,0
117,6098,19,0
455,1971,12,0
21,5970,19,0
582,3039,16,0
46,2951,13,0
319,7857,26,0
626,1948,13,0
952,552,12,0
306,310,16,0
431,1149,28,0
200,4858,12,0
385,4407,15,0
518,8954,11,0
881,9977,21,0
606,5793,9,0
304,7280,14,0
643,9116,12,0
891,2718,19,0
261,6157,9,0
539,9531,20,0
859,5176,13,0
656,4326,12,0
946,6045,7,0
479,6219,11,0
88,3017,4,0
942,9516,3,0
445,104,11,0
479,3133,13,0
956,2417,23,0
58,344,25,0
253,4215,14,0
542,7799,15,0
447,1169,17,0
908,9891,4,0
840,8748,3,0
405,9503,12,0
54,3878,6,0
932,7606,8,0
664,4271,18,0
185,6507,20,0
44,3998,15,0
752,8604,17,0
512,5736,7,0
349,7060,6,0
748,1975,13,0
938,1195,21,0
431,6650,10,0
819,7095,25,0
502,689,15,0
844,1525,5,0
594,1639,7,0
155,8861,19,0
540,9553,17,0
681,6756,7,0
931,9825,13,0
39,2683,11,0
110,7115,12,0
95,1061,8,0
692,1199,25,0
783,3706,23,0
429,4036,4,0
459,8731,14,0
162,3738,18,0
156,1009,13,0
147,8204,15,0
672,2552,21,0
447,5884,22,0
223,739,25,0
858,9302,21,0
110,6929,28,0
757,7149,7,0
308,5240,7,0
25,7875,15,0
561,2322,17,0
107,9928,23,0
203,7504,9,0
434,5852,23,0
453,7960,19,0
920,9703,24,0
843,4416,20,0
773,7493,22,0
552,6361,13,0
78,4075,6,0
892,5880,17,0
439,8234,21,0
366,9172,16,0
823,1112,2,0
518,1758,14,0
806,5681,12,0
528,9745,26,0
878,4417,27,0
529,6976,10,0
130,5167,14,0
988,2367,29,0
98,3472,22,0
51,729,10,0
251,8078,25,0
235,1503,7,0
381,3554,29,0
699,1037,12,0
40,7730,5,0
421,2191,13,0
282,7845,17,0
648,3978,17,0
257,8994,19,0
173,3177,16,0
915,3642,15,0
725,4739,9,0
131,3651,20,0
913,9583,8,0
558,7718,24,0
630,3479,23,0
11,4048,8,0
409,7738,8,0
678,9247,19,0
813,9292,14,0
628,7207,10,0
459,6952,11,0
303,6972,17,0
2,7235,25,0
535,5129,11,0
156,8806,13,0
749,3069,17,0
749,5547,20,0
183,6743,4,0
409,8407,22,0
365,271,2,0
145,3134,23,0
332,6423,15,0
341,4993,19,0
919,3823,20,0
863,6931,14,0
792,533,19,0
119,5185,17,0
485,4600,14,0
238,3103,23,0
325,7036,11,0
362,7467,27,0
196,8707,20,0
920,7326,1,0
501,8274,8,0
709,1210,26,0
894,821,6,0
811,6686,4,0
686,5313,18,0
953,564,11,0
864,3391,12,0
108,6534,13,0
408,8199,13,0
434,2166,11,0
941,9690,15,0
944,4409,6,0
454,4740,12,0
581,9130,21,0
216,9408,7,0
903,5039,24,0
653,8897,19,0
769,6789,2,0
852,3032,7,0
49,1776,19,0
711,716,22,0
69,2745,15,0
497,7603,3,0
113,2913,25,0
555,8598,19,0
874,1927,12,0
848,1455,3,0
11,4569,14,0
773,8289,22,0
759,3104,14,0
769,3697,13,0
839,1487,14,0
51,3526,16,0
430,7964,26,0
718,2596,27,0
423,7498,29,0
618,5776,17,0
608,7936,18,0
656,8121,12,0
500,781,15,0
169,1029,7,0
347,3006,27,0
512,8590,16,0
300,8995,19,0
779,7498,13,0
619,6468,15,0
935,1430,11,0
358,680,19,0
386,6506,21,0
263,3328,26,0
774,9438,23,0
816,3116,9,0
38,9125,26,0
286,3830,15,0
871,6933,14,0
412,2205,20,0
346,9739,17,0
972,5162,25,0
178,5649,10,0
989,773,24,0
905,3649,17,0
612,3296,13,0
214,1497,18,0
326,5283,26,0
303,6054,10,0
485,1315,26,0
763,444,16,0
824,6700,18,0
767,3176,8,0
847,8042,24,0
892,1963,26,0
784,7627,18,0
593,4960,14,0
267,734,23,0
997,2742,18,0
337,130,20,0
803,552,26,0
18,6482,13,0
156,7702,23,0
389,2447,18,0
323,5423,28,0
73,212,15,0
919,4409,18,0
269,1525,21,0
181,2145,7,0
167,7096,4,0
698,6925,21,0
126,9095,22,0
830,2023,16,0
866,1282,27,0
539,766,16,0
174,7881,15,0
235,3833,5,0
759,3111,12,0
357,5181,22,0
899,9191,25,0
444,4148,7,0
217,6696,16,0
781,7485,25,0
901,5291,22,0
319,1670,24,0
727,543,26,0
420,2733,26,0
197,8172,3,0
825,7657,15,0
615,1552,24,0
436,6240,8,0
512,1638,19,0
885,6379,24,0
865,1868,21,0
618,8751,7,0
198,6728,11,0
728,342,7,0
849,8587,9,0
419,1920,21,0
495,9939,3,0
365,878,15,0
921,4769,25,0
905,9527,13,0
114,6050,5,0
625,7913,14,0
613,3231,3,0
753,3096,16,0
95,818,6,0
954,3638,12,0
552,7733,13,0
519,5096,11,0
894,943,11,0
791,2991,8,0
880,7522,20,0
925,406,24,0
971,6809,12,0
310,9976,13,0
818,9855,15,0
760,7438,15,0
312,7957,21,0
16,9718,17,0
419,1923,23,0
789,4220,9,0
206,3023,28,0
838,1515,7,0
893,8667,6,0
562,9437,15,0
938,3143,8,0
965,4387,3,0
819,5080,8,0
921,3823,19,0
940,3174,13,0
115,9305,6,0
318,3798,11,0
552,9887,25,0
632,3337,7,0
920,411,28,0
899,3495,26,0
921,9896,9,0
225,9398,3,0
18,3460,24,0
578,2895,12,0
324,9432,6,0
268,5026,23,0
548,5638,24,0
464,7336,11,0
341,9043,18,0
778,4242,9,0
179,681,11,0
683,4326,28,0
251,7385,5,0
741,6444,12,0
440,4183,7,0
421,2688,17,0
498,488,10,0
903,9165,15,0
790,3131,21,0
564,2441,20,0
169,1020,11,0
317,871,15,0
822,8793,16,0
988,383,12,0
457,667,23,0
601,369,16,0
898,5301,20,0
677,3518,10,0
43,9851,18,0
70,8112,11,0
456,8370,17,0
923,4646,14,0
628,385,16,0
406,6809,13,0
408,8846,27,0
552,9107,17,0
930,4766,23,0
593,7082,13,0
623,5180,4,0
96,4394,11,0
557,950,3,0
223,3504,14,0
554,9131,10,0
920,9847,17,0
926,4634,1,0
428,8058,8,0
593,4996,15,0
949,5420,19,0
319,6539,9,0
144,8721,12,0
613,9369,5,0
614,6354,18,0
532,2257,17,0
767,7171,9,0
943,9867,12,0
59,1759,21,0
620,8491,25,0
870,7534,19,0
490,4888,23,0
915,7272,18,0
380,6504,21,0
159,4576,10,0
242,6762,23,0
885,6710,25,0
326,7428,7,0
531,9836,16,0
604,3317,13,0
651,6402,14,0
472,7055,16,0
106,950,12,0
723,4734,7,0
232,1714,10,0
279,3125,27,0
986,2641,28,0
166,2354,5,0
183,8066,17,0
613,1999,13,0
527,7870,19,0
312,9763,6,0
591,2015,22,0
747,1690,5,0
399,7787,14,0
507,686,19,0
330,8225,4,0
804,9854,6,0
585,4442,21,0
688,2176,21,0
836,4425,26,0
452,1174,13,0
340,6871,8,0
177,681,11,0
447,285,2,0
691,9428,22,0
686,1972,2,0
178,1033,14,0
34,3949,16,0
945,7994,20,0
805,6129,12,0
142,8869,23,0
893,5192,5,0
837,4412,13,0
782,1950,11,0
634,7487,4,0
842,7917,13,0
540,3562,13,0
851,2358,20,0
351,5184,22,0
485,4851,16,0
318,4931,5,0
612,2005,24,0
594,2380,14,0
782,3326,23,0
978,1010,2,0
607,6450,9,0
192,1270,11,0
520,9006,7,0
35,4816,1,0
565,4484,8,0
654,9003,7,0
616,1090,6,0
13,6820,3,0
886,5926,15,0
631,5758,24,0
599,1971,11,0
301,2923,19,0
448,8975,16,0
234,1706,11,0
959,5433,13,0
591,1225,14,0
761,2879,15,0
807,6592,22,0
658,3963,2,0
236,1493,6,0
756,2012,14,0
458,5540,10,0
350,532,20,0
818,6309,11,0
198,8530,25,0
583,4048,19,0
169,5019,10,0
583,4058,18,0
127,1262,9,0
92,2218,13,0
917,6862,24,0
235,6750,10,0
596,1287,16,0
480,420,24,0
133,6901,26,0
291,9889,15,0
606,1253,8,0
494,2968,20,0
93,2611,20,0
399,4774,2,0
582,4010,23,0
557,3014,21,0
505,4155,21,0
176,8882,3,0
349,9161,24,0
151,541,16,0
693,4716,16,0
111,8376,17,0
126,6077,16,0
123,7501,19,0
713,5403,2,0
126,6134,10,0
814,543,27,0
732,5820,5,0
180,3673,17,0
574,1642,10,0
45,3403,15,0
67,8831,7,0
509,1006,4,0
148,906,10,0
472,283,9,0
367,6811,28,0
507,4633,6,0
432,4738,22,0
286,8485,23,0
948,5034,26,0
370,7258,5,0
302,2904,21,0
699,1049,18,0
908,1784,8,0
211,7247,8,0
121,8404,22,0
406,5478,5,0
619,6751,8,0
79,4186,14,0
138,4292,16,0
367,6788,6,0
932,945,5,0
66,9965,4,0
245,824,24,0
46,2175,4,0
470,2378,26,0
971,2248,19,0
478,1827,4,0
387,2700,25,0
808,7635,14,0
587,1524,8,0
538,2612,11,0
276,1053,5,0
956,653,25,0
276,1100,7,0
752,1493,23,0
728,966,17,0
824,603,27,0
520,8995,8,0
970,6076,18,0
141,2693,17,0
343,7883,22,0
585,5697,18,0
186,8309,15,0
515,500,24,0
498,1514,12,0
149,3956,19,0
660,7377,20,0
887,1999,15,0
670,539,28,0
723,8736,8,0
418,8191,17,0
838,1536,17,0
795,6644,10,0
93,9129,23,0
909,9872,8,0
922,3874,18,0
337,5623,7,0
777,356,10,0
815,3005,7,0
636,7558,4,0
103,398,14,0
105,6521,10,0
709,7113,7,0
888,6340,21,0
948,5032,22,0
316,2087,14,0
177,8859,4,0
5,8212,7,0
408,124,13,0
387,8829,14,0
315,8662,2,0
785,2243,4,0
857,5083,17,0
528,6117,10,0
193,4962,10,0
961,8803,2,0
311,856,12,0
950,9189,27,0
919,8638,25,0
632,1263,14,0
825,8275,19,0
858,3948,26,0
962,4366,17,0
635,3703,21,0
909,7483,25,0
553,5491,9,0
336,9213,8,0
140,3152,15,0
988,6652,21,0
909,7088,10,0
53,6405,18,0
783,1864,15,0
926,9850,12,0
746,9884,17,0
543,4160,15,0
424,7477,21,0
49,2718,10,0
250,7756,6,0
753,7153,12,0
285,4849,23,0
984,7558,11,0
490,1537,13,0
34,2702,8,0
609,1240,8,0
796,6680,3,0
498,7451,22,0
541,8360,7,0
486,7053,17,0
980,2834,19,0
689,3355,13,0
71,5297,23,0
844,8203,14,0
208,4859,12,0
863,2221,21,0
762,2893,16,0
775,9439,23,0
682,5479,28,0
870,3190,15,0
800,1119,15,0
59,4057,5,0
698,1566,18,0
431,1623,14,0
890,9352,4,0
382,5552,5,0
278,1527,19,0
303,2332,21,0
584,7879,14,0
468,6434,14,0
837,6479,9,0
912,7063,10,0
435,6908,6,0
217,7014,6,0
3,4047,2,0
481,8725,6,0
804,6686,8,0
395,4123,17,0
917,7965,13,0
932,9397,7,0
555,7805,13,0
614,4482,13,0
967,178,14,0
987,1240,9,0
359,4379,22,0
526,9423,4,0
267,8502,14,0
850,3375,18,0
932,5460,22,0
712,3318,21,0
18,973,8,0
97,5114,3,0
187,1333,22,0
72,8430,11,0
372,6702,24,0
719,3663,14,0
330,7277,10,0
71,2034,7,0
201,9303,9,0
250,4539,21,0
165,6124,16,0
405,295,16,0
561,8461,18,0
912,5263,8,0
190,7101,15,0
570,3900,11,0
622,846,16,0
890,9356,4,0
888,4116,5,0
558,2013,25,0
815,3120,8,0
